"","Label","235.2/23","171.2/16","439.5/18","383.4/16","145.1/14","411.5/17","130.1/45","112.2/21","139.2/22","258.2/19","302.2/14","156.2/23","257.2/20","181.2/16","467.6/20","147.2/12","137.2/19","182.2/15","157.2/23","219.2/10","180.2/11","158.2/14","129.2/41","192.2/10","196.3/22","227.2/13","201.3/14","268.2/16","352.2/10","314.2/17","288.2/13","194.2/14","126.2/19","153.2/10","316.2/21","356.4/19","110.2/11","183.2/11","298.3/13","146.2/19","247.3/14","282.3/13","255.2/23","178.2/21","327.3/14","187.2/10","109.2/6","357.4/17","103.2/16","223.2/10","254.3/18","285.2/18","355.4/17","123.2/9","280.3/13","127.1/11","144.2/14","294.3/16","229.3/15","310.3/17","289.2/18","243.3/14","341.4/13","342.4/15","286.2/17","252.3/21","296.3/14","299.3/17","482.4/23","343.4/13","304.2/13","114.2/19","271.2/29","322.2/16","297.3/14","162.1/11","135.2/51","115.2/26","269.2/19"
"A1_1","A",475991.2634,3943172.016,160019.6873,176259.3939,253968.3924,200023.996,4346730.657,8096045.87,2116032.62,1321975.208,1008228.714,1923812.91,5061953.74,1320190.241,137983.8407,2404832.922,3928916.188,1794284.223,3871224.613,754980.4644,3787108.759,371762.138,6084953.76,1669800.415,2422483.404,1128413.689,325432.4021,2102491.255,244041.4497,917200.1371,689839.9432,2292591.52,766668.0904,1326663.75,1304971.422,810801.6095,753164.5109,777168.041,1065771.59,1973443.207,528109.4493,4250707.435,287420.2137,3668102.521,607738.1862,327683.261,1032766.647,1137066.096,187849.4692,896692.9996,1073274.426,938391.5809,2211347.54,1095107.306,1097119.201,635239.6338,269784.5811,616891.2499,495885.6385,577500.9443,449753.9103,858717.3642,1747262.421,761632.3858,550950.3454,800809.409,2158008.469,705947.7267,293936.0725,934393.2443,609984.1409,3578227.698,622437.725,483323.0031,752252.9546,581580.0586,11096070.3,1769313.355,741158.7413
"A1_2","A",449173.0745,3633659.649,120398.68,159969.8851,359027.7474,191660.7986,3578400.651,7288476.824,2044455.237,1444694.225,766067.6393,1981132.836,6690183.413,1383465.193,197563.2869,2466074.889,4180342.591,1716254.093,3098765.774,792343.1882,4426178.545,502464.5802,4859260.698,1579115.762,2122830.454,1475306.258,397412.9839,2504341.827,244209.5328,1208448.208,673924.7943,1889269.331,800843.9125,5342155.853,1138160.949,803872.6154,2024245.911,1009559.173,1420446.422,2022029.065,428589.4185,5533402.376,253052.6536,3176806.505,645938.2149,472543.8586,2012802.467,940475.1931,208745.6797,1806680.936,1122816.601,905082.547,1913400.906,2190880.715,1281756.164,1051074.776,356339.2215,905286.5684,398367.3978,796897.1638,469862.5806,780650.8935,2152363.74,926694.4068,557838.5969,638150.2616,3336903.73,627778.5789,251091.8257,1010605.107,774079.7159,3806809.388,273558.4138,544958.8996,1025814.176,1018800.559,12165963.86,1789449.837,853966.981
"A1_4","A",467410.8706,3070417.94,93631.64418,126655.5273,290887.5701,172107.0621,2193267.453,9216217.35,1212357.512,1883905.88,1050247.136,2236472.336,11416213.81,1040266.17,114710.7025,911974.856,2154797.389,1051474.8,1289463.525,677899.5912,1944993.828,451466.5782,2967367.319,995343.9908,867596.3901,1826076.041,350466.269,2630234.795,155597.2549,1624311.614,572279.3069,1339834.784,1267717.853,1905719.438,1025688.542,569849.6683,1001508.832,1042746.912,1578553.164,2232980.9,349444.3238,9211684.878,250004.1508,1319469.593,640032.5495,371453.0724,859101.5195,1191389.466,412864.4949,825153.3527,838625.1329,616700.7691,1667668.007,490763.1083,2760298.993,811376.3934,584779.5691,691292.0057,353128.5624,675855.3235,368636.676,749852.5582,3342487.846,857068.5546,516668.4089,476335.7925,5798959.2,588387.6434,117415.3595,1813602.827,598310.5319,4114539.599,272169.0616,220898.8077,950612.2621,544786.1536,9344439.219,1657939.239,798900.2331
"A2_1","A",254150.5582,2940327.88,58575.52781,100952.9049,197431.4424,207549.6535,3909089.801,3969335.991,1071022.89,1395218.33,616499.4217,1716707.56,9490860.25,650435.3311,73022.25127,677273.389,1034139.328,444802.343,1440393.855,224600.18,1098058.788,500397.0727,5117634.468,296620.801,852987.4106,836054.4031,207449.3453,1339289.648,248741.1286,987612.5437,267360.452,554735.6678,576864.2067,795806.119,737494.1397,441335.8863,534334.1126,542327.2304,1253129.055,2205365.159,228253.0553,1982509.309,181710.096,1095801.593,403508.4974,412186.122,125962.637,699293.8133,199407.9017,810817.2434,540539.5573,601623.3769,2151540.018,377395.4659,1671874.227,520117.1386,215689.3645,683143.5959,244916.2155,419067.8011,198687.3185,710821.8892,1500421.576,457183.0697,465892.8177,355322.0627,4095680.898,366252.1569,95272.20604,693157.383,259672.181,4485614.063,149088.7653,217665.231,970279.0431,202502.4268,15753083.1,1705143.904,407321.1366
"A2_3","A",331158.6481,4127164.445,106787.3034,134917.0881,223409.3594,231404.5479,3559735.119,5334492.529,1388130.581,2510256.223,1093749.831,1954794.242,14095592.48,595484.815,164678.8713,486940.877,1289477.724,444598.8237,3340919.584,244647.2236,1902172.198,471604.3876,4691436.945,273901.4934,1145714.852,1060544.688,185814.8138,2768476.777,174196.9299,2068391.135,315579.8905,795831.7932,491143.314,1928581.547,1276935,739230.4101,472260.4794,549624.3604,1524335.354,2803422.594,232950.865,6930185.042,278388.9274,1668916.709,579329.4071,308997.2647,559446.1779,1229174.485,259513.5048,1534799.71,661212.1061,445714.3167,2175697.998,379656.2374,2003081.219,1166574.893,244625.2325,793025.5276,203970.5076,764395.6111,258517.7942,378694.5089,4081886.464,1032494.128,292022.9158,577599.0852,4994827.517,445550.4371,263322.3949,1570713.54,285030.9359,3459095.111,322638.2671,302519.4913,1234812.561,236418.5415,6137808.912,1576547.938,578553.4469
"A3_1","A",372423.9788,2185063.591,76440.5559,113141.473,222499.3429,138679.3699,11130.060885,4653989.991,916812.8545,1207165.394,870906.5299,1264768.441,6416392.903,853372.4725,89441.10452,1246210.257,1423511.682,626282.2406,1524604.73,489258.3483,4984486.158,320465.8297,2960932.314,592546.6184,918063.8615,491989.9479,211686.1549,3908324.421,155439.1685,1375818.73,411649.4008,1003533.095,682692.1999,558374.3135,786904.6729,690212.6011,689031.4658,842481.5631,1689169.983,1535200.461,222162.0099,2631054.844,178749.8799,1353211.869,395907.8106,272488.1491,750286.0887,1044637.564,182544.5884,1217578.495,705505.2517,478973.3838,1360258.884,709240.4946,1171629.353,496547.2457,261835.8824,492444.9476,215020.0827,484011.996,276236.7649,323170.5424,3543657.178,1162397.842,382657.7405,1239587.705,2410557.315,342362.6745,127449.3573,1998216.962,436869.5429,2470123.956,186113.1065,357508.1836,636219.4826,500403.4067,10535246.86,1005557.397,827854.213
"A3_2","A",641975.1709,3588840.538,93597.86572,110647.5749,241009.8086,176526.03,3193966.176,5602280.7,1464776.855,2511033.498,828684.3272,2367089.829,12040570.12,1358078.244,115516.4859,1535097.245,1473664.82,775369.5151,2881956.561,523724.6823,5183101.197,418374.0369,4119527.731,699519.0934,1122601.63,1035162.864,282872.3297,4360604.995,177021.5452,2938978.148,548010.9546,1241375.402,950268.2888,653089.3865,1206964.457,745030.9937,1081665.401,1082496.684,2892364.598,2546793.801,348526.1991,7172983.952,349978.7656,1901573.254,498036.4264,362250.1607,786132.788,868228.3818,252020.258,2123526.072,1045671.347,692211.6157,1417563.465,603090.8727,1779531.433,638474.7197,351197.2706,836361.0564,345723.4622,777551.8965,345918.4393,626008.5055,2453991.219,806030.2846,492180.9097,1968245.066,3402644.363,771323.7038,246814.4366,1041095.81,528616.3394,3690451.681,311112.8237,461092.5273,1303262.272,567981.0889,9700199.602,1579038.176,1057756.863
"A3_3","A",403102.5133,3132510.096,100138.9501,117210.578,246992.1812,148196.5781,3413089.937,5389108.855,2031467.791,1181518.117,729233.5477,1541470.098,4210783.741,954701.089,161638.3566,1289880.231,1461604.348,863242.667,2985914.907,458432.9879,3966412.503,378924.3914,2729711.695,679395.3547,900278.1607,563573.5182,239002.2934,2426787.983,177031.9177,1949856.099,414963.4255,926484.7758,690341.4983,740840.3213,902133.8859,711167.4571,873641.495,943185.5442,1616109.288,1630416.673,262703.7677,3510841.333,213580.2673,1920676.182,511432.5076,353019.497,1026516.717,795389.0937,284160.9288,586631.185,743873.0713,507465.0242,1738814.359,727195.9495,963104.4118,750157.4692,386255.3761,435415.0082,260553.7549,498473.0601,295155.5971,406054.2503,2837765.66,736267.9061,358860.2496,1645760.142,1890072.512,412361.6599,236717.541,1245430.796,461268.642,2574667.566,228971.8138,319085.8258,615650.639,514982.491,10083407.44,1170388.649,709260.9237
"C1_1","C",2722385.787,584606.7013,175349.8607,481112.4033,400322.194,298869.6697,5739068.306,1450856.226,879184.0619,253410.3504,252037.5643,895536.4608,674591.687,525722.1673,161287.6644,159512.2134,453215.473,428816.9803,433711.5107,250397.2903,376761.313,237886.8119,2575739.628,266836.0669,600668.4137,3520785.76,650154.2447,728660.2966,2151792.236,404723.3523,213113.2119,825328.0719,657758.9002,374541.2082,306851.9667,274561.0602,618041.0061,1055238.687,491770.2182,952684.0436,147340.38,1878007.939,118851.8597,682695.3536,587968.6613,730744.2688,1142126.67,546169.288,178085.3298,322354.8429,613782.9855,511215.4275,1217546.405,599301.8262,687725.4288,519179.8444,321671.9074,383955.3317,216566.4406,391198.8918,232500.0204,298604.7687,4799903.587,1009788.322,326575.6983,620853.6541,1804707.947,404354.3433,112558.8524,1879746.485,379589.4514,3237751.978,156620.1266,261665.3221,569290.2555,526900.896,12366887.94,1742269.099,550999.2716
"C1_2","C",3072220.555,849611.4284,180069.034,465683.1518,1260700.946,286091.6657,4164245.906,2599473.056,816108.2069,262507.3178,185296.5503,1339412.745,693045.1701,606024.5297,197882.4302,278550.9728,479325.6543,381358.327,503908.4224,223035.7465,679216.665,452469.5805,1541987.796,247385.9144,826840.1999,7054606.251,632919.6853,404297.242,478167.0677,480509.0716,212089.6541,1142418.307,1022116.173,337075.516,436650.7238,269147.5304,398419.0714,847361.8327,228060.0442,1686443.456,206211.7972,252930.9525,189411.651,2463968.403,448918.2404,899490.4682,208034.1411,126235.4243,309431.3095,257162.2386,509118.0068,824855.9209,510663.6798,971285.6614,136008.4563,1043368.803,443071.3526,193974.189,447885.4321,424374.6683,699722.4209,557064.3797,138355.1821,271575.4423,348182.9041,836243.0036,144797.1945,375291.5874,164497.5557,168032.929,1181676.52,9903027.277,257946.0478,246920.4769,348290.1894,2116181.823,7884704.083,2197336.837,712402.5238
"C1_3","C",2765613,729660.9533,183431.6446,806540.4899,655566.1375,358674.9276,5955037.405,1408885.055,786231.3216,542691.3512,351398.108,1077084.37,1583162.016,917328.4741,175733.5713,487488.9399,440886.3126,477566.2628,644322.0833,419952.8362,313914.5881,429193.5739,2365523.357,268443.8741,490098.9517,9964405.269,1088870.896,1123238.557,543626.5396,949387.211,333989.202,1036058.057,546268.3481,426678.4393,628903.56,358564.0349,531500.049,1192952.326,1614428.557,2188440.784,194630.5661,5415019.867,182089.3612,1095807.297,990607.3187,1199743.955,160155.83,390516.9612,129434.1734,1386021.719,1434132.39,1225821.49,945196.1809,305688.8627,1683386.519,554171.6146,307120.4894,607966.4489,535629.791,424080.5769,320929.8994,778707.8376,2689756.264,1149104.649,504574.7137,1365000.935,4750766.149,859160.3994,145895.1338,1266258.224,622081.3019,2614207.371,216179.6424,273862.9642,1032588.143,1481437.973,11835003.94,1661199.932,720025.6287
"C2_1","C",2918890.55,598138.5272,252044.5846,988928.0777,925762.6524,527010.85,5799406.56,1815177.607,876809.5325,307410.6841,299358.5483,1173865.744,1204587.396,507201.7286,280691.5448,377232.3658,459084.7281,366392.993,690359.2452,356083.4198,309938.9277,266647.4449,2120939.713,241853.0371,565397.4307,4058143.557,879402.3543,944256.6399,748007.6049,530010.7977,204059.9331,866718.8102,391799.6665,396377.7963,717341.6603,501157.5477,386500.902,517837.2095,1033479.555,1452870.241,267469.9553,3179070.708,158355.7997,1076278.12,818669.7688,506892.1475,191130.0841,475170.5927,138710.3113,1233708.887,1697262.323,1500526.994,1399493.092,211955.6871,1138230.121,475481.842,191925.217,617501.1316,655999.9555,538737.8507,378641.9855,1543307.314,2153201.572,997132.4032,465284.1997,1526404.045,3579132.471,809400.5539,174238.7741,1098247.985,442910.0225,2385392.55,737896.5588,371622.9039,1285985.264,265063.3806,9991531.629,1906502.095,804495.1145
"C2_2","C",3287475.083,546563.8686,279444.8069,863466.9954,930009.6113,597386.133,5545318.948,1516873.273,569303.5003,302828.2152,333927.6927,756756.5749,936581.4677,368059.4034,316625.6909,364918.7526,454122.3889,271891.2848,558709.4702,378880.4189,261366.79,301976.1098,2214767.237,277103.9597,525315.3638,4090014.485,840691.0526,916650.8383,738525.2928,553222.5529,310097.516,760810.2941,430706.9997,389132.557,781300.8041,481558.0285,380143.1931,424771.4454,933699.4619,1169108.218,280618.6533,1922910.608,167671.2467,1894396.877,943046.3982,449733.9056,277742.4964,638438.0464,141998.7525,1013126.013,1576252.382,1224809.304,1472616.35,283357.1313,1407817.878,468151.9702,200505.2234,651551.3304,550297.6389,501895.9069,543674.7642,1352500.9,4044605.105,1250326.695,579292.7063,1359010.388,4344257.694,780233.3851,188896.9745,1747908.212,388117.9868,4396389.978,631724.6022,346854.7723,1165112.677,312672.8858,9728589.343,1367544.784,800339.3457
"C2_3","C",1056571.127,250970.0726,139374.5952,587346.4189,613002.4157,274376.5936,3923968.288,554175.9646,254896.1807,60727.9938,79323.02055,336755.1842,211572.5479,139196.0252,144470.9323,126537.3708,197178.6211,59510.16904,133476.4423,220617.3598,98374.19735,257212.7061,1541654.471,117177.177,147817.4966,2358563.684,545868.1178,347169.8204,215031.9447,191050.6906,92217.15567,371473.4064,77550.03782,200426.0412,158180.3885,189192.1808,82414.28559,223413.0468,666742.2202,356052.8186,143298.6681,776727.7038,85475.51146,273454.4922,491057.2471,237633.0117,211619.0626,298606.9769,90276.63047,395953.3636,294589.2796,213740.9522,891502.6878,356773.4445,890500.339,308570.5002,130743.0444,394462.3452,337624.8975,221568.9366,145659.3393,952922.252,2565579.456,575128.3884,144456.7312,199967.1419,3635625.749,416695.888,109402.7539,879741.2788,118697.4053,1092316.818,219150.7638,89414.44606,871346.1831,115298.7417,7725931.774,639258.5289,234154.838
"C3_1","C",3046590.333,1085704.056,172137.395,647535.4848,835809.3548,460403.1951,6642150.068,2280257.742,1101181.395,323753.3681,249961.6252,1598711.466,977828.8435,494909.1789,228289.5907,373949.6078,615849.706,311028.0555,954885.2839,278524.2034,364220.9769,499520.3416,2653262.077,313885.4397,700761.1549,3651083.877,603005.9352,592824.6484,1147758.59,383421.7461,310493.4394,893207.9192,549375.5964,537561.5731,541444.4184,351122.9369,359389.2444,794038.2418,292173.6075,1823851.269,288037.4368,527154.1233,197774.7972,2779577.621,653402.5751,723314.3577,520113.5193,176862.1586,429163.5683,927313.2339,976722.8516,1087858.854,622816.9679,521666.8579,279001.1739,859819.3866,408086.7926,292406.3997,472115.5264,383995.6141,408280.5526,764704.3996,323819.541,419559.6052,404703.6217,1002036.61,296183.2494,439552.4171,189377.2595,215675.5754,734611.7491,3798059.735,346337.5881,256549.1026,728402.9983,541976.7999,8511714.821,2495538.044,676396.358
"C3_2","C",4353507.999,806148.1168,135888.7875,362214.3612,1185294.428,272485.4012,6625654.957,2534083.867,1177159.885,244770.6605,257990.338,1409489.453,515263.6055,988597.8673,159893.2678,270157.4303,735577.0936,277876.0291,770875.6877,225004.1583,600717.0698,388593.1167,2064735.379,185184.4527,694723.01,2815478.15,424647.1366,586767.0357,3126697.942,458522.3903,194541.0462,632555.8689,772160.5553,422100.211,549388.5635,474596.0579,578193.0512,726245.8547,796400.8824,2139353.693,245629.102,2625939.67,265916.4161,523801.6417,493319.5057,834705.4862,341593.6395,587248.4142,308919.5405,364838.2355,1700196.797,581953.2469,910586.7944,1106615.024,944311.9746,1092039.022,722574.3198,442209.6965,341784.6464,933311.9383,549432.167,524387.5414,3647195.697,1072733.479,339424.8228,1191220.129,2226779.377,359454.7184,243029.8995,1601146.92,450242.5561,4867450.333,273100.7669,579743.1488,775044.4175,860621.2268,7273492.571,2522354.788,950418.4838
"C3_3","C",2837854.135,579570.8718,148006.1433,463195.3845,491228.7602,327770.8745,7051862.463,1540118.934,913127.9528,207446.3918,221749.4555,908133.9553,484192.7563,336409.4014,170376.2497,242903.9723,479262.2588,209273.383,622819.1131,183464.91,342987.3854,268547.514,2035166.481,159934.98,480138.1919,2514818.601,310344.6326,1011466.237,674971.1593,410090.4992,198716.6224,451940.9587,334744.6781,428894.0705,495173.3639,324723.8608,385550.9447,576640.5354,635806.6664,975488.4755,167325.5817,2576678.775,194740.3953,619740.615,425039.7269,503518.7521,315993.6542,445750.9694,137354.6286,802102.0331,1800554.575,667310.6306,807188.7998,375797.4109,785654.0685,519499.0958,218857.2824,394210.3651,239490.2835,359445.3943,299654.9449,359533.1502,2500396.662,731795.0674,268014.1808,1041989.954,1999919.569,342601.6711,203057.986,975436.7513,347944.2782,2015811.621,157068.8913,314132.5449,799400.5536,368488.1546,9928366.403,1288344.549,657753.2915
"C4_2","C",3083740.216,542322.4096,234135.6969,503991.6191,589084.348,369509.1762,6316472.529,1468640.551,760297.2982,207016.9494,230896.7122,770704.7654,547466.7709,314147.4428,228854.9768,250631.8584,474636.7049,223253.6127,392468.7836,198571.9245,362000.8003,264702.3716,1712536.199,169062.6908,596521.5997,2751793.137,324864.9095,762551.9364,1830846.38,513405.4294,205677.7423,782112.9411,356957.6008,382536.2679,541350.4769,437297.8654,296753.6987,328030.9054,729737.8658,1362429.145,206336.0597,987544.1284,158111.4467,1392396.629,604479.7535,273529.9663,306767.2603,1003808.82,133736.1016,413520.5709,1157604.552,977391.6666,1649400.777,636954.1359,1007612.985,524689.7204,207740.1341,552384.3884,332403.4897,497570.2185,384300.1245,450970.3299,5420335.381,1166698.954,361037.4336,986846.9906,2784316.718,418637.942,181667.9542,2014797.708,378283.6515,2829205.125,165998.8046,526325.9994,804560.3792,258083.6374,8463714.512,1219029.618,742891.5046
"C4_3","C",4193357.818,584914.2146,128602.9456,194826.004,362874.6055,194431.5015,8131104.065,1637556.376,1004688.754,329967.3219,342147.0743,996602.3447,885686.2743,685343.4698,176593.1397,343649.5244,549468.7739,368977.0621,663830.6811,184719.3436,411796.0371,195561.187,2650290.221,141545.6304,639526.9016,2630155.669,358897.7023,1552656.14,1130399.661,629118.6453,251515.2579,794587.5494,506235.9004,362087.6511,587497.9406,325067.475,569150.9235,453914.2697,765918.7049,1855314.108,173635.6225,1390919.83,173382.3461,457911.5651,547251.198,240556.6414,155053.0129,1258139.256,131173.9403,834612.6942,1495632.726,1110091.586,1271834.77,414885.0694,1306248.022,339987.0527,188318.7753,733648.8311,318370.6235,565171.2844,356619.467,396185.8385,5996760.142,1412257.986,520527.4652,1631224.117,2523070.557,472353.2505,166509.0282,2308548.161,620840.0129,2530701.247,161959.8832,406317.2511,708481.3153,279154.3929,11644307.85,1638328.268,934847.3433
"CT1_1","CT",142273.0084,750708.3705,7199744.728,5428814.997,123884.1424,3167657.076,3364954.338,1463130.991,476827.2595,382846.5599,127910.0122,298778.0428,3006494.377,165313.9385,4067582.338,107131.7285,401560.6251,196460.8764,783179.1353,81932.64713,234978.2985,242159.6886,2098729.491,145054.1271,646146.7715,1575086.338,182360.5738,805896.2875,66839.48302,350474.0597,108498.1764,275252.4865,183056.114,1484793.924,251595.7586,582595.5022,156647.2203,265182.5502,823922.4202,194845.1338,72916.66572,532303.2711,124618.7118,906442.2128,384609.5891,159900.4222,640864.0396,1017803.778,139941.9128,312647.0758,469864.8167,247931.2995,3331948.034,644172.5164,895384.6575,7814473.351,138150.77,714492.3607,93330.05488,482286.1059,90482.61348,90243.43333,3246292,671359.6043,174768.9666,203611.8177,5202195.446,236818.51,98603.6612,806397.2201,112633.784,1005466.247,118953.0743,181296.7801,926182.8482,139321.9988,8937467.096,465675.7863,244346.3623
"CT1_2","CT",232382.8705,1909608.533,4705766.456,4257659.117,282127.458,2110349.117,2527445.827,1845183.27,805633.5823,864815.5088,289538.758,516088.9314,5688823.692,409796.8461,2018827.166,258311.0545,830251.1133,272069.3936,1343418.601,144893.657,257831.4179,520239.5015,1923977.709,188002.3907,447889.7109,4541009.838,332332.9775,1035315.401,87465.74323,485983.3155,137372.0552,369907.1876,321303.1338,4846315.559,316534.1508,497309.3718,278808.8731,378170.9214,1500131.627,466500.2884,149642.0858,2735119.609,165077.8356,276241.81,462461.8588,345103.2406,1332223.361,749533.4889,540564.1031,1001705.439,377121.8985,292757.3418,2707301.2,1910083.347,1139528.175,12462146.79,320622.7486,515775.6759,198693.5572,531618.2538,126460.3669,211593.7955,3295018.114,645480.1191,175387.8072,193594.0765,5400194.265,410444.8311,75807.31214,1050026.987,168579.4234,2526564.208,167389.2928,276813.4877,1093937.102,153273.0508,9083416.653,680434.4139,325349.4643
"CT1_3","CT",197887.1736,905619.501,4750836.926,3600724.324,146403.4471,2119375.421,2027481.567,1382211.878,497283.4716,605971.9293,157192.9374,427966.0815,4148685.918,248076.017,2422822.12,184301.4234,647278.7828,187647.3404,1370630.827,99585.67437,205194.0509,347208.332,2307376.72,192411.3552,405885.397,2972442.614,194251.8992,949998.3633,47286.96871,557381.4329,140118.0659,310739.4921,229692.177,2258020.133,256445.5149,454971.1219,176040.7245,253265.1884,1591391.167,285139.3311,93281.50877,1327580.849,132143.3086,591083.6826,470511.6419,216782.7714,1073851.74,815035.3636,303617.8234,463374.4728,309805.5584,260810.9013,3044788.209,888830.3887,1773652.311,5926395.131,196162.3479,735368.1466,152449.2716,631424.1676,105185.1674,142243.8619,5137308.414,1109133.667,203549.4316,187445.7435,8670876.679,438647.5721,94929.57578,1673193.301,134942.6626,1729149.478,124292.9285,222744.6305,1625923.699,118887.936,6595334.272,710777.7782,308351.0837
"CT2_1","CT",324536.6584,3007458.301,2113936.336,2483530.725,361605.5345,1406996.448,4544535.392,4936533.645,2246281.409,238472.9529,253505.7961,1316300.52,592902.1881,511464.0805,1222032.605,396018.6028,2422441.13,865976.7966,4670061.868,219057.7958,435217.1325,707467.4256,2703391.524,193175.9742,703476.4843,502130.3827,303900.4882,2114053.284,118536.5946,1350082.375,186166.0253,345924.2354,800282.5985,1097704.024,426327.5734,772096.4386,434715.7112,647863.189,1587529.671,936844.9963,212586.718,4251966.417,209282.0952,404436.0917,612790.5925,337705.8741,804340.3139,1610141.726,262582.8211,663763.9776,581002.0899,579719.6986,4062940.579,537600.9642,1522281.997,1338665.554,397088.2793,653915.8825,282543.2566,518536.9815,155485.7342,252947.5411,4223865.945,816850.7814,275505.3492,322910.1129,4207890.003,501599.9204,162179.8601,1969166.667,185536.1279,3969490.053,230993.8739,394104.9095,848351.0779,121984.7242,8075824.057,1464862.061,625988.3393
"CT2_2","CT",236396.2495,1445520.563,6100674.898,6287703.341,151228.0122,3335614.443,4676252.091,2588011.27,1853504.119,137013.7236,185498.1763,581646.6659,365361.7574,298455.1489,3362918.401,178256.2848,1319613.309,591729.1894,4333749.823,168276.3602,373293.0081,432621.4585,2930740.732,250364.1291,465009.0889,333541.3726,190566.1621,1602801.695,139464.8722,1088493.737,192282.3426,385469.9441,254590.507,437349.1151,325305.8692,503287.5747,201382.1391,333362.4165,603214.9493,326801.0158,106483.3663,757826.2104,163725.8981,2092190.09,664177.3451,175651.2132,371296.8435,433299.4151,114200.6269,1428893.937,411432.6025,377043.1207,2687962.918,238101.9023,407958.1471,534246.8392,157614.889,285091.4847,156056.3589,289710.8724,128708.528,147952.498,1354091.58,479177.8287,191172.9794,342851.7555,1291146.694,244705.6594,152468.804,483625.9262,189551.6533,1854025.537,118817.6462,401078.0996,423103.2085,98180.33092,9647579.324,641576.394,605870.4153
"CT2_3","CT",274937.4645,2681558.322,2272556.35,2200879.968,195613.0528,1204432.824,4777152.01,4437896.807,2530659,175252.4182,247579.2912,1187923.818,441457.553,379109.8652,1021214.142,319261.3657,2366337.642,1304229.834,7209751.662,112436.2632,329212.2484,500711.4434,3850217.249,212147.7204,766379.3599,318905.5587,220825.1349,2158436.377,83148.16781,1590816.808,155357.2201,449184.3583,480177.2956,538268.5648,601580.8903,733265.9828,347574.7382,394365.6925,1206396.398,824844.8612,115541.9792,2459619.697,166642.6082,987424.1423,703982.1921,212651.8807,372411.8875,1426856.748,178928.8211,668811.5238,471904.1203,996040.3689,2852423.511,240286.2311,870372.5012,601548.0972,179243.9247,467474.2197,175129.5144,589806.7366,170482.4894,190388.0864,2903279.758,936479.3189,271643.3761,366518.3705,3460983.502,425357.7054,199342.2914,1263017.546,192512.1193,3173492.132,220814.3098,406451.4923,519409.3047,81623.01195,7178147.986,1281212.049,661276.141
"CT3_1","CT",446177.0413,7889117.684,1645015.149,1808954.536,599942.9739,1071900.172,7306854.174,8278740.22,3843065.599,358157.9552,336148.5141,1548229.134,430235.1101,808490.0045,942351.4428,404001.4476,3251721.872,1160777.709,6723546.801,342607.4958,924000.1556,971404.0947,3121002.992,263338.0441,800516.8125,504083.4834,573305.1425,2846064.387,165916.9586,688324.4917,273552.8606,346763.8766,992072.3542,2725613.737,507710.4295,985358.9251,910353.0981,1186640.267,1507986.357,1031752.854,212736.2345,3868458.12,227839.8831,411417.0902,788253.0872,383669.8474,1033693.504,1744733.615,394521.5883,576294.0297,801358.1021,1150097.696,4946300.842,759890.3191,1683580.263,1658559.531,801797.0575,652712.9352,312641.1436,699473.3143,312272.0998,247025.8496,5658921.344,1463016.087,500174.1434,465126.4479,4553057.983,561846.9307,204100.8232,2559978.251,302671.2973,4444567.575,215596.065,515195.6225,1082514.346,212351.2536,7006424.556,1556440.809,683920.3392
"CT3_2","CT",251934.9583,3350891.973,2332567.115,2342593.192,359187.4043,1398260.805,6744653.92,5715872.995,3155356.922,113379.5121,165420.424,671637.0213,270017.0983,362831.9027,1269211.363,228913.7869,2188787.754,532323.333,5835409.613,162076.8108,361526.3994,422356.1944,3440461.774,188758.0661,574637.7986,341900.5442,261852.6328,1806815.834,63504.47946,397058.3158,179975.5883,290279.2934,275735.088,1091333.056,427532.1853,944270.7099,215773.1947,519420.4586,1009034.943,426722.0583,150019.583,1787796.768,165745.7798,927880.8643,623241.4999,227033.786,542064.295,1694673.727,125986.8327,775390.4472,489000.6991,483210.8652,5451964.749,335044.5809,1213227.329,797842.0099,204635.1231,631362.8883,188345.9487,476896.4779,166028.6363,167194.5675,2831876.513,741746.0561,233114.9887,392739.0355,3962825.018,377717.1668,210859.018,1051242.225,179840.4242,2674456.865,130903.6578,208626.6931,792191.36,109547.9127,5411964.208,822958.9151,490975.9892
"CT3_3","CT",262937.9643,2307641.604,5530363.25,4732701.766,198387.0737,2569031.647,5248696.857,3874607.836,2199862.672,153656.8927,155051.1191,714042.6274,428941.8036,373431.0778,3136852.526,186471.649,1251982.125,549640.432,3932456.02,146633.8592,369296.9041,427497.1714,2591725.156,175329.9709,458262.6162,331900.7264,199038.0558,1132223.476,83480.35013,293343.9004,150243.7284,344864.8666,279495.3751,728368.0317,238326.7921,475714.0659,256423.6711,412491.6446,719920.5488,313951.6903,95802.05607,1521963.319,116203.1719,565551.3041,434119.0401,153371.7016,382148.6824,492658.3741,108917.9121,742201.891,373017.6426,342356.3918,2270458.89,209129.6374,628286.1476,563455.6968,202129.682,372960.2933,159991.0559,374643.6532,114150.9312,133835.2972,1270861.196,498670.0283,167103.1345,335618.9537,2453735.842,348874.5868,162901.9944,531557.1,177835.6179,1777806.962,122033.8359,283495.0603,581841.9061,64741.49813,8300604.99,887072.5208,401569.1004
"G1_1","G",4500523.713,785016.3494,399581.7846,756125.3097,982751.9122,574071.1249,6398629.818,2237757.271,1080963.535,226187.0803,229446.6206,891379.738,476327.0181,606443.7342,455953.4739,524194.4195,673362.5797,322099.606,3230204.226,761442.7699,277674.9595,790842.1456,2755716.712,241243.8096,424108.3527,556845.1212,1906609.559,835015.6879,372703.14,676070.1922,227954.4736,406562.9462,313381.0896,503914.1301,533598.9041,495609.4643,332251.5747,435992.8261,2075835.295,1777470.126,844630.209,6956227.225,500112.7541,420423.6561,1350701.067,347030.1485,675214.8352,417131.1687,251790.3316,452539.9025,1224878.795,423988.6086,1550051.812,542101.0086,2239734.944,1184746.207,489252.1821,716424.1792,1448407.25,1154643.245,584967.3838,819550.656,1936214.771,679075.9889,311070.3723,2099378.59,5210311.717,1402571.813,161723.6873,1004396.272,268214.4589,3196572.862,779409.6978,719898.0993,1335193.246,358339.7508,6248769.887,1553781.666,381756.7903
"G1_2","G",1731973.306,752473.8387,490132.9927,843234.4673,662932.3776,544121.8162,4808548.339,2448318.111,946321.5702,272524.2387,232195.8983,1581295.801,863209.0896,643162.0446,483281.5549,214194.6615,717913.4717,247543.6976,3586889.827,366310.873,239412.0638,839969.4837,2646582.312,163788.014,335299.5481,1139444.128,1672708.095,336705.4435,172696.9317,308842.3585,234625.8448,220965.4209,551860.8651,386718.4183,202108.6782,358832.7231,270131.0673,568374.5036,212653.0736,1596735.47,746900.0633,465588.3088,754355.1749,310058.6558,1550316.8,177544.4867,397720.0514,145407.4679,191389.4899,380294.314,347333.8187,1014439.236,1158573.38,398746.7184,232634.5529,965418.8865,418700.8049,289722.9313,2393788.971,512954.0117,510725.3231,1356203.085,248115.3187,243476.8563,293723.7282,411752.3739,226450.0838,1842424.573,181639.4343,144862.7346,256758.8473,3499580.484,1428115.32,284498.4718,1029444.033,134486.2086,11095417.44,1777891.215,516310.3447
"G1_3","G",4064054.031,796513.9924,679365.8195,1227163.148,1157917.406,850615.4585,4553102.229,2119362.636,856016.1691,249675.9895,246717.4215,1147135.062,575016.1009,603537.5521,674979.1347,428133.1475,699010.2433,346342.1095,3015939.834,909731.7707,282607.3027,785666.6787,2363067.907,248151.2086,421402.7902,544892.7173,2054575.514,1520925.478,378616.9455,600636.3504,240059.3471,596881.4816,396897.8937,432502.034,530666.3461,654199.2946,349348.0201,426850.7201,1521417.784,1843349.056,979259.8367,6794673.884,480181.4128,1062723.416,1580310.467,282991.9076,479013.2925,421268.4423,235446.6999,1848835.18,1171141.251,424581.7068,1830414.446,451504.2271,1920872.571,1286991.856,465076.939,752646.5804,1772546.056,1894862.595,606492.3054,889536.5793,1571448.447,582950.843,279878.2832,2154554.107,3275013.518,1647328.398,200824.9255,899648.5719,288660.5651,3549141.799,942523.1499,824275.7551,1150217.786,234969.077,5105259.925,1877589.671,520751.2873
"G1_4","G",304148.2252,301408.3974,151892.0901,192743.9753,826230.1832,134787.9784,2987327.749,2756940.266,383082.6496,191806.6671,135093.2293,1211311.868,357978.376,349759.3875,126172.3857,105327.4792,5547366.056,711745.4736,380717.2114,285656.0493,555832.4455,292924.066,1043354.803,168758.0286,246348.5752,662730.0621,368055.7339,935424.4597,7071862.704,176691.4015,181295.1025,477661.2484,2653724.592,192564.4611,173805.1354,396638.4342,1457360.288,220297.9974,127995.4325,526490.2249,196519.393,658624.9447,138933.1677,358556.0263,282626.5841,123449.161,158086.6673,123872.7286,179857.017,439998.9745,230110.9979,202776.9816,307890.5975,1507061.285,171479.2202,2460280.038,315200.5487,125734.2176,378300.3378,1205495.304,879136.0215,208129.1456,67978.24093,554302.9068,173636.1167,149992.1997,123244.6692,260105.0792,48677.29544,208581.3704,132893.234,20680798.44,191836.5453,1099917.72,147194.3038,1255694.453,11496321.9,1347823.399,280739.856
"G1_5","G",270502.8329,596397.1838,171109.1294,220733.6286,3318249.051,124416.6552,3100045.616,1763788.095,538649.008,125782.1958,76061.88018,792350.5228,319147.3254,434824.3477,135503.4218,183235.4957,3725146.905,265627.2983,914621.3627,231617.4488,1080003.941,561022.8168,1716891.338,299414.9268,249423.8266,624261.9158,584789.4844,301398.609,132313.8051,81873.969,117225.4487,1106729.271,2058040.985,311791.2922,86598.78635,120903.7694,474904.5439,385298.6106,99830.03841,1302641.709,264909.5311,197780.5987,167029.0168,625844.9084,400078.9143,243645.6033,476392.5777,84757.38411,273533.6337,295810.5558,131531.6899,163492.4312,173810.825,5888436.235,86376.52379,6378262.206,1222786.256,95928.10002,590309.559,144883.9851,848144.0473,277320.1198,22260.12177,185439.7104,84239.08455,122470.2451,85975.63613,335328.5715,50737.97114,132956.4865,124433.8459,20618850.62,276941.9034,88441.3486,146997.3894,699251.6559,7577181.023,1872962.952,340704.1829
"G1_6","G",571919.6037,620891.7852,358983.8307,704488.283,3511020.215,463813.8838,4025335.55,3550193.607,645613.0088,231245.7665,167045.852,630415.5639,611483.5534,452019.1475,357801.5019,186273.3216,8590276.762,439044.5939,1116879.817,215483.696,900030.0393,425309.7254,1354825.068,237669.2507,316071.8056,649158.4421,935123.4639,1302871.029,7868679.717,243995.6639,187148.016,655647.6975,2534291.73,334000.0089,207612.2433,527638.974,1355904.282,331891.0075,159222.8255,1053091.587,332566.9833,844687.8916,188739.3355,333555.5524,825749.2346,281343.5098,654396.0601,146806.6738,307296.7184,463790.7916,247418.223,203888.8445,841139.5588,4138333.637,188291.8096,2203455.62,386628.003,169047.2922,628413.3371,1568877.558,1491560.769,346092.3505,103990.1689,464660.4311,189607.1622,213031.5126,134282.9486,933869.7026,75230.61094,240344.8322,181295.7107,25381511.95,389954.0184,1781585.535,272012.8092,2346703.678,6917585.713,2241472.078,604743.8172
"QC_food_1","QC",1624803.556,954890.5712,289836.3114,335237.112,324496.9617,226949.3477,4095762.989,2783494.88,1225665.833,404477.0026,234488.2331,1171733.461,1138904.795,490439.7652,247474.1227,309326.5714,759473.4187,340369.0873,1488364.925,179343.9126,897106.1914,308415.7828,2856269.531,149850.4972,484500.0639,994437.5535,273867.7913,2985402.208,314711.0209,629666.675,189548.0218,432767.3775,316472.7188,828994.0775,461919.1074,386680.9582,435146.7084,383771.8594,591805.9751,1234691.206,163425.4373,2273363.148,8660376.914,430544.37,399756.0141,254508.7263,271590.528,486513.3031,175279.6532,989093.2643,679679.9966,3759255.16,1008585.854,626661.5205,847231.0935,2494070.932,231291.4241,374296.0801,292806.3095,420618.8165,310379.1759,353046.5323,1912608.078,582060.571,672399.248,986165.7788,1897856.745,321128.0923,374017.989,886063.3248,298146.0495,2140628.185,2417335.153,378267.207,625802.951,174961.6823,6869662.334,1830427.962,953690.7528
"QC_food_2","QC",1845157.099,989939.7684,489840.0988,447469.2141,281915.8646,348847.8578,3781264.678,2926800.454,1171328.646,376143.695,276635.4164,1350973.47,1402183.825,535576.2953,351487.6748,626483.5955,1096287.503,367250.8073,1521513.3,228307.2849,1222398.948,446102.3548,2233242.091,288057.4325,695309.255,1354990.738,265355.7266,2604576.24,349846.0567,1012726.055,278346.6964,993045.4513,338534.1112,1097458.091,655080.8038,657193.4149,409961.1131,453275.0877,1299698.91,1894603.89,196893.9505,2266953.181,10956661.59,1943323.39,696907.5,304129.5089,354110.0084,1223300.474,276777.1757,492240.5244,588314.9929,4765091.478,2537438.447,603886.5395,1321650.511,2426151.669,218183.2482,877903.3928,320177.2442,679762.3774,402218.7477,468836.7876,4143478.177,1220655.578,791105.6337,1195678.196,5460059.893,451709.0608,360200.8784,1760453.479,302903.2873,2473639.49,2016863.916,343091.2373,1322232.658,204805.7284,7598440.566,2270594.319,930303.0102
"QC_food_4","QC",2028975.925,1276697.642,387312.0054,393556.6339,456701.0088,275855.2066,3757550.911,3440830.881,1278911.941,516542.5552,327592.3251,1577101.942,2147596.325,673881.1713,320915.2597,528111.9491,1210973.348,456907.5766,1423314.392,282454.5274,1274227.617,395819.2169,1905848.528,237598.8056,679329.3593,1776744.633,370474.1216,2885279.806,314446.5352,763052.7776,270789.3492,705175.9915,405196.7553,2460819.242,534647.9796,394325.8233,433959.3095,513761.5486,937399.8766,1903365.588,263616.5211,3015400.327,16310982.11,871249.3517,521825.9913,379010.1598,433038.8097,397328.2109,223052.4702,950617.9133,448075.6394,6767826.128,963214.4464,804862.5999,1062467.928,3674477.127,349800.7539,510968.3759,423359.1114,534332.4516,381888.5112,523248.5432,1639334.087,585569.346,1166680.46,1085706.017,2671006.302,488011.9423,278214.4252,817443.9847,334324.0729,2433085.818,4185815.217,325699.7913,899260.2614,324818.9516,8152499.885,2460815.345,885852.5572
"QC_food_5","QC",1114019.605,989673.0188,929151.4878,1122640.359,519892.9019,649712.9013,2823502.541,2020553.087,669548.0986,407698.6066,207839.2821,968478.4159,2637683.051,599590.7061,691827.8562,671670.198,788917.3809,325040.1399,853163.825,325566.466,1152025.518,468764.7779,1960199.02,250232.9556,424926.8466,1885273.312,504393.4437,1851069.786,260708.549,1012743.478,243119.326,883321.8009,274808.0411,1381198.107,438500.4142,417865.7648,265117.7241,376274.0992,1398897.066,1236873.624,240405.2162,5104764.463,21238093.49,1816257.425,751886.3364,414952.3844,403246.9393,584398.6859,251574.9649,1889943.243,314284.3675,8816849.107,1189647.641,645720.6317,1651142.893,2568693.527,304811.5627,877738.8121,379945.247,854250.3699,393118.7622,440899.5683,2676095.679,739947.6346,1227506.323,692724.543,5379442.319,625984.1081,207076.2973,1056555.854,267769.7419,2434411.273,6500800.083,323471.2751,1200338.613,202801.5122,7971232.455,1764920.129,570428.4798
"QC_food_6","QC",1808774.373,969381.0161,803582.4711,597203.9567,233279.8949,514816.4146,3887051.725,2453572.755,1050450.788,467414.2255,274035.4157,1263196.006,1670355.216,518168.5094,593349.8425,457815.0724,812611.5361,334239.3365,1206363.421,258323.5747,923179.7064,338279.3584,2237456.269,237303.3957,535467.8973,1455020.995,332591.793,1787322.491,308477.2431,988874.8559,297096.5275,551987.897,323907.9318,707167.8207,484766.7281,466759.5021,503958.7146,462456.8133,1075609.339,1355489.491,207566.5304,3831546.816,13089544.59,947563.9536,602209.9256,438277.4392,327297.2858,517531.5764,212438.3394,1034805.54,576012.5169,6830897.138,901427.2856,379530.0612,1162484.477,1322480.226,229640.6219,656488.645,317531.6247,669728.8099,412414.0797,438973.1833,1796076.31,724617.3521,1145275.824,1124002.894,3309198.129,499938.9368,318774.8545,809969.4619,335498.1886,3425355.004,3594824.831,463737.1399,996078.7385,151836.6999,9797522.155,1842079.955,688932.5676
"S1_1","S",1158951.702,1277723.983,145788.4684,168672.9282,520432.9885,207400.4551,3439001.825,5076596.288,1564222.127,414383.1828,286448.6465,1902426.564,2423575.457,1007603.359,164774.8386,590619.984,1474441.418,387953.859,895047.7893,193267.2218,458661.0771,982508.5155,2388207.559,223379.8084,496176.9561,285059.1048,215012.3497,31801380.8,142043.2854,1661339.921,328384.6904,501234.4365,586755.0737,1823301.779,509998.3279,642212.6912,494364.9929,611287.3552,1282107.718,2405926.762,205115.4542,4439573.276,44035905.6,461101.351,590422.5308,245960.3014,733008.0588,1355140.442,990570.3374,1470146.039,146784.4065,33609595.15,1948284.881,2415818.196,1399726.59,5311054.12,987618.4233,1070251.067,214364.3396,903387.4276,392168.5448,298709.3639,4314882.32,1005927.922,5698957.665,576078.3408,6528501.589,510362.3887,875123.6605,2000213.008,218386.5647,4524016.375,8387050.76,322112.7723,1890441.796,231535.4215,9476163.168,3327773.927,3754991.728
"S1_2","S",740187.5424,1124566.29,70290.68897,90689.12972,1130466.556,116516.3553,6803214.431,5419491.667,1128531.48,228114.2218,267595.1365,933382.9247,618798.0639,604493.0292,85434.75282,164009.9462,852967.9514,389580.7953,763271.3721,112266.0435,850801.8421,167602.0862,4695107.391,234752.5434,431220.8505,319339.2009,107687.715,15599888.63,194625.8115,434484.7932,216471.0279,550177.2184,741302.6681,391998.307,234080.5626,273308.8143,659289.5808,505270.2365,297647.2622,691378.8606,103387.895,1453586.453,15006208.74,912669.7253,277376.8882,106353.3527,1546070.695,240935.9559,136386.2383,260925.6831,196101.6022,7074980.026,857068.0171,2924706.696,344781.6394,699522.1077,91821.81946,265003.5426,247436.8134,323231.0831,196267.8173,323912.4562,469666.2119,275773.9731,1044078.258,352750.1692,681494.5521,206835.811,253967.4678,359742.5138,165678.6144,5995623.427,2279127.123,304688.7072,470350.6469,122688.7314,14178352.72,2379005.544,1936217.38
"S1_3","S",1949779.427,1795719.953,127781.3339,138408.0214,465977.4534,186371.406,4243523.525,7680213.144,2454136.212,288951.3079,305986.7908,2075483.482,1093998.204,729081.7438,178481.9175,352590.6927,1590639.273,342612.3786,2025202.342,194874.7089,1001367.982,526459.5979,2212002.134,248129.1169,566127.1152,323565.2081,252955.9701,26840859.49,168355.0931,1040722.329,305367.5317,810451.88,802481.027,594857.5307,432375.9865,738201.6379,610192.8395,689974.3047,505201.7375,1965615.196,223117.5626,3696193.106,30172610.52,1362047.684,329327.8118,227182.1731,587952.2545,1001785.479,938556.8964,572199.8674,112567.9736,16759053.69,2088656.543,1543010.269,894894.3378,3277841.685,502021.6416,453319.7063,240322.247,574441.3781,488174.7228,406372.1434,3564241.049,978973.3894,2552136.108,663639.7065,2096701.318,266755.6075,1548538.013,1385273.633,230565.8188,3915550.414,4468969.588,300158.8736,1327008.96,180215.2791,5608963.577,4279847.298,3367423.061
"S2_1","S",1167150.753,1408257.606,273442.8117,231251.2926,324294.1781,405774.2339,4240836.431,7198949.394,1652734.528,219336.3313,250944.5,3135391.848,898420.5126,742916.4709,306166.971,377248.3692,1249050.424,540012.377,1760122.753,141999.6374,934209.4707,2964393.574,2731658.491,286727.039,700209.6694,940047.5018,262056.9442,2937739.78,116223.9692,1615342.102,249524.6994,831213.9796,720988.2499,1612304.167,472857.0679,1179306.852,622289.4484,489040.0682,1012661.077,2930620.856,195058.3449,1311920.235,18818667.02,1639241.982,654496.8244,255408.1793,485261.1867,2376298.134,766192.6417,578946.4992,267492.5901,6956830.515,5903290.972,502760.0394,1776603.957,6424314.528,323193.3429,1329304.892,267751.1899,1142241.493,366038.4859,425600.1573,4006303.675,1137152.002,976087.8426,712280.9845,5385369.666,417560.6352,771873.5328,1863371.932,227010.3472,3079110.94,4533238.666,285444.2085,1122226.159,128125.7299,5598472.047,3530104.051,604221.7317
"S2_3","S",1342347.248,1304094.983,118817.3574,145293.3829,257519.8135,169529.573,3818776.415,5776972.979,1412417.501,258448.5867,261086.7163,3153017.108,976076.6095,699976.8439,148847.0088,342560.8289,787876.6281,404099.0051,1758534.507,133928.7656,703169.049,1137182.505,2146497.858,300324.0849,621880.9383,781551.3003,222147.9743,3406504.896,107671.9907,1222102.769,233309.6348,790037.7959,638925.5404,1107925.337,354110.9232,586040.2279,419066.3284,410655.0372,809138.9166,2101837.299,223403.3361,2725176.833,23655704.36,1660615.996,318500.2567,311881.0774,369896.176,804692.627,574435.829,893130.5779,125468.6255,8158302.845,1714249.872,313458.1986,943748.357,4949190.545,313082.8281,510324.5865,251970.6664,628523.6733,672644.1234,402085.4972,1881767.075,563999.8867,1171335.883,548962.6157,2477049.479,354583.6979,711188.5258,901282.2897,220883.3608,2941587.155,4691672.645,342923.5357,718774.1719,132758.47,6339128.976,3423415.393,647578.0099
"S3_1","S",1370419.065,2118965.455,120544.428,149049.3421,242815.3922,158787.0514,4141769.004,4523703.808,1801616.732,456771.8265,429693.635,1490307.284,1387310.447,1029736.831,171505.4758,404395.3298,1541729.63,539676.2242,2424582.532,239848.1067,1119232.059,364171.2748,2641760.932,339538.6762,634058.8748,701987.8735,242768.6742,2105063.496,328661.8117,984371.4137,516200.5211,642443.0054,827426.0129,923907.6219,396323.3351,450523.4224,740849.5711,728601.8494,769968.0022,781542.1111,221277.9,2532083.971,20020427.62,929325.8637,536050.6517,419310.3666,132494.1252,366957.7379,224794.8507,863996.2833,249640.0734,9065281.289,893741.4296,382779.4778,1009379.067,1142415.052,201882.7437,604165.117,416915.8227,651821.5643,388951.6045,757473.2804,723066.7124,402644.5578,1433546.369,646376.6813,1981384.52,402158.2363,435803.1077,490704.0526,364382.0218,4240410.814,8198549.326,429743.7973,993302.85,182553.2714,15681875.46,3551802.294,872679.1782
"S3_2","S",1737932.748,2323806.806,209134.9021,203635.735,235274.3622,214503.9262,5501493.844,5770457.617,2170675.799,413026.2442,450946.8443,1920444.428,1653182.075,573472.7291,186300.4479,304371.8153,1370719.132,422640.7332,2672964.61,169105.8006,811151.2802,455415.4697,2857629.279,411324.2636,968042.202,454382.2453,173749.4456,4446542.695,236343.663,1221239.708,430455.9014,1299625.088,650471.1498,793368.3911,528556.2278,992420.0354,931955.0498,444898.4199,662601.3888,1413955.032,234094.3309,1583926.56,17928526.67,2907288.267,604465.3476,253423.5658,271967.2731,932245.304,485028.1743,731529.7215,218608.5368,11124791.54,1730744.94,1420444.685,982003.1309,2736385.871,390779.9487,537297.4148,332784.4617,672172.0992,510161.9181,407801.7423,2776981.434,1015484.984,1787802.088,679681.0126,2225177.297,321555.0563,865743.3751,1391414.243,280918.0343,3399595.606,2865405.622,470846.308,1314918.365,147346.1892,8731295.483,3408749.443,1082429.257
"S3_3","S",1260713.29,1880096.833,164734.3966,135852.254,252865.9559,138974.9622,4936880.533,4546152.306,1985899.029,267087.5871,309588.0864,1581082.733,783429.8559,555500.9848,131894.5507,287341.5333,1331333.621,277884.4232,1502410.184,172621.3759,755796.2766,606555.0398,2524729.852,428297.5233,827111.2023,403332.4206,174177.1394,2394143.313,201458.2466,680683.4617,340986.8693,1147979.489,554936.9091,1327622.453,388454.0945,374346.5264,464829.502,456548.9874,310482.388,1334313.167,207726.8617,433644.1758,11254815.71,4539958.912,398195.865,196857.0923,242541.8137,255664.7234,880510.2008,424063.9799,160803.7338,6335523.825,296491.9636,1378312.161,454055.486,4160919.249,637917.9844,372563.4205,240839.2101,404958.8111,470111.2735,312730.494,253597.3422,394504.8326,1100706.111,514212.0823,712928.5253,325118.908,805839.3045,283179.2495,254419.1984,3560047.71,2833625.755,273064.4364,720044.5289,135871.2212,9412498.553,3063685.525,767857.423
