database_identifier	chemical_formula	smiles	inchi	metabolite_identification	mass_to_charge	fragmentation	modifications	charge	retention_time	taxid	species	database	database_version	reliability	uri	search_engine	search_engine_score	smallmolecule_abundance_sub	smallmolecule_abundance_stdev_sub	smallmolecule_abundance_std_error_sub	20180817_R030	20180817_R031	20180817_R032	20180817_R033	20180817_R035	20180817_R037	20180817_R038	20180817_R039	20180817_QC_19	20180817_QC_18	20180817_QC_11	20180817_R020	20180817_QC_13	20180817_QC_12	20180817_R023	20180817_QC_15	20180817_R024	20180817_QC_14	20180817_R025	20180817_QC_17	20180817_R026	20180817_QC_16	20180817_R028	20180817_R029	20180817_QC_20	20180821_QC_18	20180821_QC_17	20180817_R050	20180817_R051	20180821_QC_19	20180817_R052	20180817_R053	20180817_R054	20180817_R055	20180817_R056	20180821_QC_20	20180817_R041	20180817_R042	20180817_R044	20180817_R045	20180817_R046	20180817_R047	20180817_R048	20180821_QC_14	20180821_QC_13	20180821_QC_16	20180821_QC_15	20180821_QC_12	20180821_QC_11	20180821_R080	20180821_R081	20180821_R084	20180821_R083	20180821_R086	20180821_R085	20180821_R087	20180821_R120	20180821_R089	20180821_R091	20180821_R090	20180821_R093	20180821_R092	20180817_R060	20180821_R095	20180817_R061	20180821_R097	20180821_R099	20180821_R098	20180821_R062	20180821_R064	20180821_R063	20180817_R010	20180817_R011	20180817_R012	20180817_R013	20180817_R014	20180817_R015	20180817_R016	20180817_R017	20180821_R107	20180817_R018	20180817_R019	20180821_R109	20180821_R108	20180821_R066	20180821_R068	20180821_R101	20180821_R067	20180821_R100	20180821_R103	20180821_R069	20180821_R102	20180821_R105	20180828_R_075	20180821_R104	20180821_R071	20180821_R070	20180821_R073	20180821_R072	20180817_R001	20180817_R004	20180817_R005	20180817_R006	20180821_R118	20180817_R007	20180817_R008	20180817_R009	20180821_R119	20180821_R077	20180821_R110	20180821_R076	20180821_R112	20180821_R078	20180821_R111	20180821_R114	20180821_R115
CHEBI:16113	C27H46O	C1[C@@]2([C@]3(CC[C@]4([C@]([C@@]3(CC=C2C[C@H](C1)O)[H])(CC[C@@]4([C@H](C)CCCC(C)C)[H])[H])C)[H])C	"InChI=1S/C27H46O/c1-18(2)7-6-8-19(3)23-11-12-24-22-10-9-20-17-21(28)13-15-26(20,4)25(22)14-16-27(23,24)5/h9,18-19,21-25,28H,6-8,10-17H2,1-5H3/t19-,21+,22+,23-,24+,25+,26+,27-/m1/s1"	Cholesterol	425.317187		M+K	1	10.13003333	NCBITAXON:http://purl.bioontology.org/ontology/NCBITAXON/9606	Homo sapiens	HMDB		MSI:3		Progenesis	36.6																																																																																																																							
CHEBI:15440	C30H50	CC(C)=CCC\C(C)=C\CC\C(C)=C\CC\C=C(/C)CC\C=C(/C)CCC=C(C)C	"InChI=1S/C30H50/c1-25(2)15-11-19-29(7)23-13-21-27(5)17-9-10-18-28(6)22-14-24-30(8)20-12-16-26(3)4/h15-18,23-24H,9-14,19-22H2,1-8H3/b27-17+,28-18+,29-23+,30-24+"	Squalene	449.3545984		M+K	1	16.28283333	NCBITAXON:http://purl.bioontology.org/ontology/NCBITAXON/9606	Homo sapiens	HMDB		MSI:3		Progenesis	36																																																																																																																							
CHEBI:15440	C30H50	CC(C)=CCC\C(C)=C\CC\C(C)=C\CC\C=C(/C)CC\C=C(/C)CCC=C(C)C	"InChI=1S/C30H50/c1-25(2)15-11-19-29(7)23-13-21-27(5)17-9-10-18-28(6)22-14-24-30(8)20-12-16-26(3)4/h15-18,23-24H,9-14,19-22H2,1-8H3/b27-17+,28-18+,29-23+,30-24+"	Squalene	449.3542465		M+K	1	14.1454	NCBITAXON:http://purl.bioontology.org/ontology/NCBITAXON/9606	Homo sapiens	HMDB		MSI:3		Progenesis	35.9																																																																																																																							
CHEBI:89627	C21H34O5	C1[C@H](C[C@]2([C@](C1)([C@@]3([C@@](CC2)([C@]4([C@](C[C@@H]3O)([C@](CC4)(C(=O)CO)O)C)[H])[H])[H])C)[H])O	"InChI=1S/C21H34O5/c1-19-7-5-13(23)9-12(19)3-4-14-15-6-8-21(26,17(25)11-22)20(15,2)10-16(24)18(14)19/h12-16,18,22-24,26H,3-11H2,1-2H3/t12-,13+,14-,15-,16-,18+,19-,20-,21-/m0/s1"	5a-Tetrahydrocortisol	405.204593		M+K	1	0.940583333	NCBITAXON:http://purl.bioontology.org/ontology/NCBITAXON/9606	Homo sapiens	HMDB		MSI:3		Progenesis	37.1																																																																																																																							
CHEBI:15422	C10H16N5O13P3	Nc1ncnc2n(cnc12)[C@@H]1O[C@H](COP(O)(=O)OP(O)(=O)OP(O)(O)=O)[C@@H](O)[C@H]1O	"InChI=1S/C10H16N5O13P3/c11-8-5-9(13-2-12-8)15(3-14-5)10-7(17)6(16)4(26-10)1-25-30(21,22)28-31(23,24)27-29(18,19)20/h2-4,6-7,10,16-17H,1H2,(H,21,22)(H,23,24)(H2,11,12,13)(H2,18,19,20)/t4-,6-,7-,10-/m1/s1"	Adenosine triphosphate	525.0331227		M+NH4	1	9.3428	NCBITAXON:http://purl.bioontology.org/ontology/NCBITAXON/9606	Homo sapiens	HMDB		MSI:3		Progenesis	32.1																																																																																																																							
CHEBI:89510	C18H28N4O7	C=1C(=C(C(=C[N+]1CCCC[C@@H](C(=O)O)N)O)C[C@@H](C(=O)O)N)CC[C@@H](C(=O)[O-])N	"InChI=1S/C18H28N4O7/c19-12(16(24)25)3-1-2-6-22-8-10(4-5-13(20)17(26)27)11(15(23)9-22)7-14(21)18(28)29/h8-9,12-14H,1-7,19-21H2,(H3-,23,24,25,26,27,28,29)/t12-,13-,14-/m0/s1"	Deoxypyridinoline	413.2037003		M+H	1	11.60963333	NCBITAXON:http://purl.bioontology.org/ontology/NCBITAXON/9606	Homo sapiens	HMDB		MSI:3		Progenesis	37.8																																																																																																																							
CHEBI:89510	C18H28N4O7	C=1C(=C(C(=C[N+]1CCCC[C@@H](C(=O)O)N)O)C[C@@H](C(=O)O)N)CC[C@@H](C(=O)[O-])N	"InChI=1S/C18H28N4O7/c19-12(16(24)25)3-1-2-6-22-8-10(4-5-13(20)17(26)27)11(15(23)9-22)7-14(21)18(28)29/h8-9,12-14H,1-7,19-21H2,(H3-,23,24,25,26,27,28,29)/t12-,13-,14-/m0/s1"	Deoxypyridinoline	430.2334437		M+NH4	1	4.176216667	NCBITAXON:http://purl.bioontology.org/ontology/NCBITAXON/9606	Homo sapiens	HMDB		MSI:3		Progenesis	36																																																																																																																							
CHEBI:18402	C27H46O5	C[C@H](CCCC(C)C(O)=O)[C@H]1CC[C@H]2[C@@H]3[C@H](O)C[C@@H]4C[C@H](O)CC[C@]4(C)[C@H]3C[C@H](O)[C@]12C	"InChI=1S/C27H46O5/c1-15(6-5-7-16(2)25(31)32)19-8-9-20-24-21(14-23(30)27(19,20)4)26(3)11-10-18(28)12-17(26)13-22(24)29/h15-24,28-30H,5-14H2,1-4H3,(H,31,32)/t15-,16?,17+,18-,19-,20+,21+,22-,23+,24+,26+,27-/m1/s1"	Coprocholic acid	473.3195814		M+Na	1	10.8576	NCBITAXON:http://purl.bioontology.org/ontology/NCBITAXON/9606	Homo sapiens	HMDB		MSI:3		Progenesis	34.6																																																																																																																							
CHEBI:41509	C45H76O2	[H][C@@]1(CC[C@@]2([H])[C@]3([H])CC=C4C[C@H](CC[C@]4(C)[C@@]3([H])CC[C@]12C)OC(=O)CCCCCCC\C=C/C\C=C/CCCCC)[C@H](C)CCCC(C)C	"InChI=1S/C45H76O2/c1-7-8-9-10-11-12-13-14-15-16-17-18-19-20-21-25-43(46)47-38-30-32-44(5)37(34-38)26-27-39-41-29-28-40(36(4)24-22-23-35(2)3)45(41,6)33-31-42(39)44/h11-12,14-15,26,35-36,38-42H,7-10,13,16-25,27-34H2,1-6H3/b12-11-,15-14-/t36-,38+,39+,40-,41+,42+,44+,45-/m1/s1"	"CE(18:2(9Z,12Z))"	687.5486583		M+K	1	13.34803333	NCBITAXON:http://purl.bioontology.org/ontology/NCBITAXON/9606	Homo sapiens	HMDB		MSI:3		Progenesis	35.9																																																																																																																							
CHEBI:16359	C24H40O5	[H][C@@]12C[C@H](O)CC[C@]1(C)[C@@]1([H])C[C@H](O)[C@]3(C)[C@]([H])(CC[C@@]3([H])[C@]1([H])[C@H](O)C2)[C@H](C)CCC(O)=O	"InChI=1S/C24H40O5/c1-13(4-7-21(28)29)16-5-6-17-22-18(12-20(27)24(16,17)3)23(2)9-8-15(25)10-14(23)11-19(22)26/h13-20,22,25-27H,4-12H2,1-3H3,(H,28,29)/t13-,14+,15-,16-,17+,18+,19-,20+,22+,23+,24-/m1/s1"	Cholic acid	447.2543987		M+K	1	13.81661667	NCBITAXON:http://purl.bioontology.org/ontology/NCBITAXON/9606	Homo sapiens	HMDB		MSI:2		Progenesis	34.3																																																																																																																							
CHEBI:72959	C34H67NO3	[C@@H]([C@@H](/C=C/CCCCCCCCCCCCC)O)(CO)NC(=O)CCCCCCCCCCCCCCC	"InChI=1S/C34H67NO3/c1-3-5-7-9-11-13-15-17-19-21-23-25-27-29-33(37)32(31-36)35-34(38)30-28-26-24-22-20-18-16-14-12-10-8-6-4-2/h27,29,32-33,36-37H,3-26,28,30-31H2,1-2H3,(H,35,38)/b29-27+/t32-,33+/m0/s1"	N-Palmitoylsphingosine	520.5075201		"M+H-2H2O, M+H-H2O, M+H, M+Na, M+K"	1	19.37171667	NCBITAXON:http://purl.bioontology.org/ontology/NCBITAXON/9606	Homo sapiens	HMDB		MSI:2		Progenesis	55.3																																																																																																																							
CHEBI:88539	C18H28N4O8	O[C@@H](C[N+]=1C=C(C(C[C@H](N)C(O)=O)=C(O)C1)CC[C@H](N)C(O)=O)CC[C@H](N)C([O-])=O	"InChI=1S/C18H28N4O8/c19-12(16(25)26)3-1-9-6-22(7-10(23)2-4-13(20)17(27)28)8-15(24)11(9)5-14(21)18(29)30/h6,8,10,12-14,23H,1-5,7,19-21H2,(H3-,24,25,26,27,28,29,30)/t10-,12+,13+,14+/m1/s1"	Pyridinoline	393.1760832		M+H-2H2O	1	6.677366667	NCBITAXON:http://purl.bioontology.org/ontology/NCBITAXON/9606	Homo sapiens	HMDB		MSI:3		Progenesis	36.7																																																																																																																							
CHEBI:16933	C28H44O	[H][C@@]1(CC[C@@]2([H])C3=CC=C4C[C@@H](O)CC[C@]4(C)[C@@]3([H])CC[C@]12C)[C@H](C)\C=C\[C@H](C)C(C)C	"InChI=1S/C28H44O/c1-18(2)19(3)7-8-20(4)24-11-12-25-23-10-9-21-17-22(29)13-15-27(21,5)26(23)14-16-28(24,25)6/h7-10,18-20,22,24-26,29H,11-17H2,1-6H3/b8-7+/t19-,20+,22-,24+,25-,26-,27-,28+/m0/s1"	Ergosterol	435.3044277		M+K	1	11.4802	NCBITAXON:http://purl.bioontology.org/ontology/NCBITAXON/9606	Homo sapiens	HMDB		MSI:3		Progenesis	35.9																																																																																																																							
CHEBI:28934	C28H44O	[H][C@@]1(CC[C@]2([H])[C@]1(C)CCC\C2=C/C=C1/C[C@@H](O)CCC1=C)[C@H](C)\C=C\[C@H](C)C(C)C	"InChI=1S/C28H44O/c1-19(2)20(3)9-10-22(5)26-15-16-27-23(8-7-17-28(26,27)6)12-13-24-18-25(29)14-11-21(24)4/h9-10,12-13,19-20,22,25-27,29H,4,7-8,11,14-18H2,1-3,5-6H3/b10-9+,23-12+,24-13-/t20-,22+,25-,26+,27-,28+/m0/s1"	Ergocalciferol	379.3398748		M+H-H2O	1	13.81661667	NCBITAXON:http://purl.bioontology.org/ontology/NCBITAXON/9606	Homo sapiens	HMDB		MSI:2		Progenesis	34.3																																																																																																																							
CHEBI:17033	C33H34N4O6	CC1=C(CCC(O)=O)\C(/N=C1/C=C1NC(=O)C(C=C)=C/1C)=C\c1[nH]c(\C=C2NC(=O)C(C)=C/2C=C)c(C)c1CCC(O)=O	"InChI=1S/C33H34N4O6/c1-7-20-19(6)32(42)37-27(20)14-25-18(5)23(10-12-31(40)41)29(35-25)15-28-22(9-11-30(38)39)17(4)24(34-28)13-26-16(3)21(8-2)33(43)36-26/h7-8,13-15,35H,1-2,9-12H2,3-6H3,(H,36,43)(H,37,42)(H,38,39)(H,40,41)/b26-13-,27-14-,28-15-"	Biliverdin	583.255282		M+H	1	6.4185	NCBITAXON:http://purl.bioontology.org/ontology/NCBITAXON/9606	Homo sapiens	HMDB		MSI:2		Progenesis	47.4																																																																																																																							
CHEBI:18185	C28H48O2	CC(C)CCC[C@@H](C)CCC[C@@H](C)CCC[C@]1(C)CCc2cc(O)c(C)c(C)c2O1	"InChI=1S/C28H48O2/c1-20(2)11-8-12-21(3)13-9-14-22(4)15-10-17-28(7)18-16-25-19-26(29)23(5)24(6)27(25)30-28/h19-22,29H,8-18H2,1-7H3/t21-,22-,28-/m1/s1"	Gamma-Tocopherol	455.3298012		M+K	1	9.818733333	NCBITAXON:http://purl.bioontology.org/ontology/NCBITAXON/9606	Homo sapiens	HMDB		MSI:3		Progenesis	36.1																																																																																																																							
CHEBI:18185	C28H48O2	CC(C)CCC[C@@H](C)CCC[C@@H](C)CCC[C@]1(C)CCc2cc(O)c(C)c(C)c2O1	"InChI=1S/C28H48O2/c1-20(2)11-8-12-21(3)13-9-14-22(4)15-10-17-28(7)18-16-25-19-26(29)23(5)24(6)27(25)30-28/h19-22,29H,8-18H2,1-7H3/t21-,22-,28-/m1/s1"	Gamma-Tocopherol	455.330898		M+K	1	10.0006	NCBITAXON:http://purl.bioontology.org/ontology/NCBITAXON/9606	Homo sapiens	HMDB		MSI:3		Progenesis	35.8																																																																																																																							
CHEBI:73060	C21H39NO4	CCCCCCCC\C=C/CCCC(=O)OC(CC([O-])=O)C[N+](C)(C)C	"InChI=1S/C21H39NO4/c1-5-6-7-8-9-10-11-12-13-14-15-16-21(25)26-19(17-20(23)24)18-22(2,3)4/h12-13,19H,5-11,14-18H2,1-4H3/b13-12-"	cis-5-Tetradecenoylcarnitine	392.2793208		M+Na	1	9.930683333	NCBITAXON:http://purl.bioontology.org/ontology/NCBITAXON/9606	Homo sapiens	HMDB		MSI:3		Progenesis	34.3																																																																																																																							
CHEBI:145962	C40H54O2	OC1CC(C(C(=C1)C)\C=C\C(\C)=C\C=C\C(\C)=C\C=C\C=C(\C=C\C=C(\C=C\C2C(CC(=O)C=C2C)(C)C)/C)/C)(C)C	"InChI=1S/C40H54O2/c1-29(17-13-19-31(3)21-23-37-33(5)25-35(41)27-39(37,7)8)15-11-12-16-30(2)18-14-20-32(4)22-24-38-34(6)26-36(42)28-40(38,9)10/h11-26,35,37-38,41H,27-28H2,1-10H3/b12-11+,17-13+,18-14+,23-21+,24-22+,29-15+,30-16+,31-19+,32-20+"	"3'-Hydroxy-e,e-caroten-3-one"	549.4108221		M+H-H2O	1	18.00416667	NCBITAXON:http://purl.bioontology.org/ontology/NCBITAXON/9606	Homo sapiens	HMDB		MSI:3		Progenesis	34.4																																																																																																																							
CHEBI:145971	C40H52O2	O=C1CC(C(C(=C1)C)\C=C\C(\C)=C\C=C\C(\C)=C\C=C\C=C(\C=C\C=C(\C=C\C2C(CC(=O)C=C2C)(C)C)/C)/C)(C)C	"InChI=1S/C40H52O2/c1-29(17-13-19-31(3)21-23-37-33(5)25-35(41)27-39(37,7)8)15-11-12-16-30(2)18-14-20-32(4)22-24-38-34(6)26-36(42)28-40(38,9)10/h11-26,37-38H,27-28H2,1-10H3/b12-11+,17-13+,18-14+,23-21+,24-22+,29-15+,30-16+,31-19+,32-20+"	"e,e-Carotene-3,3'-dione"	565.4013271		"M+H, M+Na"	1	13.98101667	NCBITAXON:http://purl.bioontology.org/ontology/NCBITAXON/9606	Homo sapiens	HMDB		MSI:2		Progenesis	39.1																																																																																																																							
CHEBI:10223	C40H56O	CC(\C=C\C=C(C)\C=C\[C@H]1C(C)=C[C@H](O)CC1(C)C)=C/C=C/C=C(C)/C=C/C=C(C)/C=C/C1=C(C)CCCC1(C)C	"InChI=1S/C40H56O/c1-30(18-13-20-32(3)23-25-37-34(5)22-15-27-39(37,7)8)16-11-12-17-31(2)19-14-21-33(4)24-26-38-35(6)28-36(41)29-40(38,9)10/h11-14,16-21,23-26,28,36,38,41H,15,22,27,29H2,1-10H3/b12-11+,18-13+,19-14+,25-23+,26-24+,30-16+,31-17+,32-20+,33-21+/t36-,38-/m0/s1"	Alpha-Cryptoxanthin	535.4306651		M+H-H2O	1	18.69668333	NCBITAXON:http://purl.bioontology.org/ontology/NCBITAXON/9606	Homo sapiens	HMDB		MSI:3		Progenesis	34.6																																																																																																																							
CHEBI:88888	C23H38O7S	C1[C@H](C[C@@]2([C@](C1)([C@@]3([C@@](CC2)([C@]4(C([C@H](C3)O)[C@H](CC4)[C@@H](CCC(O)=O)C)[H])[H])[H])C)[H])OS(=O)(O)=O	"InChI=1S/C23H38O7S/c1-13(3-8-21(25)26)16-6-7-18-17-5-4-14-11-15(30-31(27,28)29)9-10-23(14,2)19(17)12-20(24)22(16)18/h13-20,22,24H,3-12H2,1-2H3,(H,25,26)(H,27,28,29)/t13-,14-,15-,16-,17+,18+,19+,20+,22?,23+/m1/s1"	3-Sulfodeoxycholic acid	459.2419607		M+H	1	8.156866667	NCBITAXON:http://purl.bioontology.org/ontology/NCBITAXON/9606	Homo sapiens	HMDB		MSI:3		Progenesis	35.3																																																																																																																							
CHEBI:53508	C15H11I4NO7S	NC(Cc1cc(I)c(Oc2cc(I)c(OS(O)(=O)=O)c(I)c2)c(I)c1)C(O)=O	"InChI=1S/C15H11I4NO7S/c16-8-1-6(3-12(20)15(21)22)2-9(17)13(8)26-7-4-10(18)14(11(19)5-7)27-28(23,24)25/h1-2,4-5,12H,3,20H2,(H,21,22)(H,23,24,25)"	Thyroxine sulfate	839.6394018		M+H-H2O	1	12.70795	NCBITAXON:http://purl.bioontology.org/ontology/NCBITAXON/9606	Homo sapiens	HMDB		MSI:3		Progenesis	37.1																																																																																																																							
CHEBI:28610	C26H52NO7P	O(C[C@H](O)COC(CCCCCCC/C=C\CCCCCCCC)=O)P(OCC[N+](C)(C)C)(=O)[O-]	"InChI=1S/C26H52NO7P/c1-5-6-7-8-9-10-11-12-13-14-15-16-17-18-19-20-26(29)32-23-25(28)24-34-35(30,31)33-22-21-27(2,3)4/h12-13,25,28H,5-11,14-24H2,1-4H3/b13-12-/t25-/m1/s1"	LysoPC(18:1(9Z))	522.3570424		"M+H-H2O, M+H"	1	8.68515	NCBITAXON:http://purl.bioontology.org/ontology/NCBITAXON/9606	Homo sapiens	HMDB		MSI:2		Progenesis	38.8																																																																																																																							
CHEBI:28610	C26H52NO7P	O(C[C@H](O)COC(CCCCCCC/C=C\CCCCCCCC)=O)P(OCC[N+](C)(C)C)(=O)[O-]	"InChI=1S/C26H52NO7P/c1-5-6-7-8-9-10-11-12-13-14-15-16-17-18-19-20-26(29)32-23-25(28)24-34-35(30,31)33-22-21-27(2,3)4/h12-13,25,28H,5-11,14-24H2,1-4H3/b13-12-/t25-/m1/s1"	LysoPC(18:1(9Z))	522.3567708		"M+H, M+Na"	1	8.4858	NCBITAXON:http://purl.bioontology.org/ontology/NCBITAXON/9606	Homo sapiens	HMDB		MSI:2		Progenesis	40.6																																																																																																																							
CHEBI:82846	C22H38O2			Docosatrienoic acid	357.2773159		M+Na	1	7.897983333	NCBITAXON:http://purl.bioontology.org/ontology/NCBITAXON/9606	Homo sapiens	HMDB		MSI:3		Progenesis	37.9																																																																																																																							
CHEBI:28623	C28H48O	[H][C@@]1(CC[C@@]2([H])[C@]3([H])CC=C4C[C@@H](O)CC[C@]4(C)[C@@]3([H])CC[C@]12C)[C@H](C)CC[C@@H](C)C(C)C	"InChI=1S/C28H48O/c1-18(2)19(3)7-8-20(4)24-11-12-25-23-10-9-21-17-22(29)13-15-27(21,5)26(23)14-16-28(24,25)6/h9,18-20,22-26,29H,7-8,10-17H2,1-6H3/t19-,20-,22+,23+,24-,25+,26+,27+,28-/m1/s1"	Campesterol	439.3353776		M+K	1	10.6932	NCBITAXON:http://purl.bioontology.org/ontology/NCBITAXON/9606	Homo sapiens	HMDB		MSI:3		Progenesis	36.7																																																																																																																							
CHEBI:28623	C28H48O	[H][C@@]1(CC[C@@]2([H])[C@]3([H])CC=C4C[C@@H](O)CC[C@]4(C)[C@@]3([H])CC[C@]12C)[C@H](C)CC[C@@H](C)C(C)C	"InChI=1S/C28H48O/c1-18(2)19(3)7-8-20(4)24-11-12-25-23-10-9-21-17-22(29)13-15-27(21,5)26(23)14-16-28(24,25)6/h9,18-20,22-26,29H,7-8,10-17H2,1-6H3/t19-,20-,22+,23+,24-,25+,26+,27+,28-/m1/s1"	Campesterol	439.3342986		M+K	1	10.32936667	NCBITAXON:http://purl.bioontology.org/ontology/NCBITAXON/9606	Homo sapiens	HMDB		MSI:3		Progenesis	37																																																																																																																							
CHEBI:28666	C25H40N2O6S	CCCCC\C=C/C\C=C/C=C/C=C/[C@@H](SC[C@H](N)C(=O)NCC(O)=O)[C@@H](O)CCCC(O)=O	"InChI=1S/C25H40N2O6S/c1-2-3-4-5-6-7-8-9-10-11-12-13-16-22(21(28)15-14-17-23(29)30)34-19-20(26)25(33)27-18-24(31)32/h6-7,9-13,16,20-22,28H,2-5,8,14-15,17-19,26H2,1H3,(H,27,33)(H,29,30)(H,31,32)/b7-6-,10-9-,12-11+,16-13+/t20-,21-,22+/m0/s1"	Leukotriene D4	479.2560862		M+H-H2O	1	8.104433333	NCBITAXON:http://purl.bioontology.org/ontology/NCBITAXON/9606	Homo sapiens	HMDB		MSI:2		Progenesis	40.5																																																																																																																							
CHEBI:28374	C27H43NO	[H][C@]12CC[C@H](C)CN1[C@@]1([H])C[C@@]3([H])[C@]4([H])CC=C5C[C@@H](O)CC[C@]5(C)[C@@]4([H])CC[C@]3(C)[C@@]1([H])[C@@H]2C	"InChI=1S/C27H43NO/c1-16-5-8-23-17(2)25-24(28(23)15-16)14-22-20-7-6-18-13-19(29)9-11-26(18,3)21(20)10-12-27(22,25)4/h6,16-17,19-25,29H,5,7-15H2,1-4H3/t16-,17+,19-,20+,21-,22-,23+,24-,25-,26-,27-/m0/s1"	Solanidine	398.3412458		M+H	1	7.188	NCBITAXON:http://purl.bioontology.org/ontology/NCBITAXON/9606	Homo sapiens	HMDB		MSI:3		Progenesis	34.6																																																																																																																							
CHEBI:17401	C6H18O24P6	OP(O)(=O)O[C@@H]1[C@H](OP(O)(O)=O)[C@H](OP(O)(O)=O)[C@@H](OP(O)(O)=O)[C@H](OP(O)(O)=O)[C@H]1OP(O)(O)=O	"InChI=1S/C6H18O24P6/c7-31(8,9)25-1-2(26-32(10,11)12)4(28-34(16,17)18)6(30-36(22,23)24)5(29-35(19,20)21)3(1)27-33(13,14)15/h1-6H,(H2,7,8,9)(H2,10,11,12)(H2,13,14,15)(H2,16,17,18)(H2,19,20,21)(H2,22,23,24)/t1-,2-,3-,4+,5-,6-"	Myo-inositol hexakisphosphate	624.8492993		"M+H-2H2O, M+Na"	1	0.594316667	NCBITAXON:http://purl.bioontology.org/ontology/NCBITAXON/9606	Homo sapiens	HMDB		MSI:3		Progenesis	37.9																																																																																																																							
CHEBI:18067	C31H46O2	CC(C)CCC[C@@H](C)CCC[C@@H](C)CCC\C(C)=C\CC1=C(C)C(=O)c2ccccc2C1=O	"InChI=1S/C31H46O2/c1-22(2)12-9-13-23(3)14-10-15-24(4)16-11-17-25(5)20-21-27-26(6)30(32)28-18-7-8-19-29(28)31(27)33/h7-8,18-20,22-24H,9-17,21H2,1-6H3/b25-20+/t23-,24-/m1/s1"	Vitamin K1	451.360637		"M+H, M+NH4, M+Na"	1	10.25946667	NCBITAXON:http://purl.bioontology.org/ontology/NCBITAXON/9606	Homo sapiens	HMDB		MSI:3		Progenesis	34.7																																																																																																																							
CHEBI:89029	C37H64O2	O(C1CC=2C(C3C(C4C(C(CC4)C(CCCC(C)C)C)(CC3)C)CC2)(CC1)C)C(=O)CCCCCCCCC	"InChI=1S/C37H64O2/c1-7-8-9-10-11-12-13-17-35(38)39-30-22-24-36(5)29(26-30)18-19-31-33-21-20-32(28(4)16-14-15-27(2)3)37(33,6)25-23-34(31)36/h18,27-28,30-34H,7-17,19-26H2,1-6H3"	CE(10:0)	523.4827203		M+H-H2O	1	7.992483333	NCBITAXON:http://purl.bioontology.org/ontology/NCBITAXON/9606	Homo sapiens	HMDB		MSI:2		Progenesis	31.4																																																																																																																							
CHEBI:28082	C27H48O3	[H][C@@]1(CC[C@@]2([H])[C@]3([H])C[C@@H](O)[C@@]4(O)C[C@@H](O)CC[C@]4(C)[C@@]3([H])CC[C@]12C)[C@H](C)CCCC(C)C	"InChI=1S/C27H48O3/c1-17(2)7-6-8-18(3)21-9-10-22-20-15-24(29)27(30)16-19(28)11-14-26(27,5)23(20)12-13-25(21,22)4/h17-24,28-30H,6-16H2,1-5H3/t18-,19+,20+,21-,22+,23+,24-,25-,26-,27+/m1/s1"	"3b,5a,6b-Cholestanetriol"	403.353921		M+H-H2O	1	14.96735	NCBITAXON:http://purl.bioontology.org/ontology/NCBITAXON/9606	Homo sapiens	HMDB		MSI:3		Progenesis	35.3																																																																																																																							
CHEBI:77996	C36H69NO3	CCCCCCCCCCCCC\C=C\[C@@H](O)[C@H](CO)NC(=O)CCCCCCC\C=C/CCCCCCCC	"InChI=1S/C36H69NO3/c1-3-5-7-9-11-13-15-17-18-20-22-24-26-28-30-32-36(40)37-34(33-38)35(39)31-29-27-25-23-21-19-16-14-12-10-8-6-4-2/h17-18,29,31,34-35,38-39H,3-16,19-28,30,32-33H2,1-2H3,(H,37,40)/b18-17-,31-29+/t34-,35+/m0/s1"	Ceramide (d18:1/9Z-18:1)	546.5229488		"M+H-H2O, M+Na"	1	19.73545	NCBITAXON:http://purl.bioontology.org/ontology/NCBITAXON/9606	Homo sapiens	HMDB		MSI:2		Progenesis	55																																																																																																																							
CHEBI:39548	C33H35FN2O5	CC(C)c1c(C(=O)Nc2ccccc2)c(-c2ccccc2)c(-c2ccc(F)cc2)n1CC[C@@H](O)C[C@@H](O)CC(O)=O	"InChI=1S/C33H35FN2O5/c1-21(2)31-30(33(41)35-25-11-7-4-8-12-25)29(22-9-5-3-6-10-22)32(23-13-15-24(34)16-14-23)36(31)18-17-26(37)19-27(38)20-28(39)40/h3-16,21,26-27,37-38H,17-20H2,1-2H3,(H,35,41)(H,39,40)/t26-,27-/m1/s1"	Atorvastatin	581.2428006		M+Na	1	11.53973333	NCBITAXON:http://purl.bioontology.org/ontology/NCBITAXON/9606	Homo sapiens	HMDB		MSI:3		Progenesis	35.6																																																																																																																							
CHEBI:5050	C32H39NO4	CC(C)(C(O)=O)c1ccc(cc1)C(O)CCCN1CCC(CC1)C(O)(c1ccccc1)c1ccccc1	"InChI=1S/C32H39NO4/c1-31(2,30(35)36)25-17-15-24(16-18-25)29(34)14-9-21-33-22-19-28(20-23-33)32(37,26-10-5-3-6-11-26)27-12-7-4-8-13-27/h3-8,10-13,15-18,28-29,34,37H,9,14,19-23H2,1-2H3,(H,35,36)"	Fexofenadine	502.2928912		"M+H-H2O, M+H, M+Na"	1	7.975	NCBITAXON:http://purl.bioontology.org/ontology/NCBITAXON/9606	Homo sapiens	HMDB		MSI:3		Progenesis	37.2																																																																																																																							
CHEBI:5050	C32H39NO4	CC(C)(C(O)=O)c1ccc(cc1)C(O)CCCN1CCC(CC1)C(O)(c1ccccc1)c1ccccc1	"InChI=1S/C32H39NO4/c1-31(2,30(35)36)25-17-15-24(16-18-25)29(34)14-9-21-33-22-19-28(20-23-33)32(37,26-10-5-3-6-11-26)27-12-7-4-8-13-27/h3-8,10-13,15-18,28-29,34,37H,9,14,19-23H2,1-2H3,(H,35,36)"	Fexofenadine	502.2906546		"M+H, M+Na"	1	7.828083333	NCBITAXON:http://purl.bioontology.org/ontology/NCBITAXON/9606	Homo sapiens	HMDB		MSI:3		Progenesis	35.6																																																																																																																							
CHEBI:72689	C25H47NO4	CCCCCCCC\C=C/CCCCCCCC(=O)OC(CC([O-])=O)C[N+](C)(C)C	"InChI=1S/C25H47NO4/c1-5-6-7-8-9-10-11-12-13-14-15-16-17-18-19-20-25(29)30-23(21-24(27)28)22-26(2,3)4/h12-13,23H,5-11,14-22H2,1-4H3/b13-12-"	Oleoylcarnitine	448.3364271		M+Na	1	8.251516667	NCBITAXON:http://purl.bioontology.org/ontology/NCBITAXON/9606	Homo sapiens	HMDB		MSI:2		Progenesis	36.6																																																																																																																							
CHEBI:33270	C29H44O2	CC(C)=CCC\C(C)=C\CC\C(C)=C\CC[C@]1(C)CCc2c(C)c(O)c(C)c(C)c2O1	"InChI=1S/C29H44O2/c1-20(2)12-9-13-21(3)14-10-15-22(4)16-11-18-29(8)19-17-26-25(7)27(30)23(5)24(6)28(26)31-29/h12,14,16,30H,9-11,13,15,17-19H2,1-8H3/b21-14+,22-16+/t29-/m1/s1"	Alpha-Tocotrienol	463.2992402		M+K	1	9.80125	NCBITAXON:http://purl.bioontology.org/ontology/NCBITAXON/9606	Homo sapiens	HMDB		MSI:3		Progenesis	35.4																																																																																																																							
CHEBI:84385	C33H64O5	CCCCCCCCCCCCCCCC(=O)O[C@@H](CO)COC(=O)CCCCCCCCCCCCC	"InChI=1S/C33H64O5/c1-3-5-7-9-11-13-15-16-18-20-22-24-26-28-33(36)38-31(29-34)30-37-32(35)27-25-23-21-19-17-14-12-10-8-6-4-2/h31,34H,3-30H2,1-2H3/t31-/m0/s1"	DG(14:0/16:0/0:0)	579.4386499		M+K	1	18.80865	NCBITAXON:http://purl.bioontology.org/ontology/NCBITAXON/9606	Homo sapiens	HMDB		MSI:2		Progenesis	50.7																																																																																																																							
CHEBI:84386	C33H62O5	CCCCCCCCCCCCCC(=O)OC[C@H](CO)OC(=O)CCCCCCC\C=C/CCCCCC	"InChI=1S/C33H62O5/c1-3-5-7-9-11-13-15-16-18-20-22-24-26-28-33(36)38-31(29-34)30-37-32(35)27-25-23-21-19-17-14-12-10-8-6-4-2/h13,15,31,34H,3-12,14,16-30H2,1-2H3/b15-13-/t31-/m0/s1"	DG(14:0/16:1(9Z)/0:0)	503.4510797		M+H-2H2O	1	10.78768333	NCBITAXON:http://purl.bioontology.org/ontology/NCBITAXON/9606	Homo sapiens	HMDB		MSI:3		Progenesis	33.8																																																																																																																							
CHEBI:84386	C33H62O5	CCCCCCCCCCCCCC(=O)OC[C@H](CO)OC(=O)CCCCCCC\C=C/CCCCCC	"InChI=1S/C33H62O5/c1-3-5-7-9-11-13-15-16-18-20-22-24-26-28-33(36)38-31(29-34)30-37-32(35)27-25-23-21-19-17-14-12-10-8-6-4-2/h13,15,31,34H,3-12,14,16-30H2,1-2H3/b15-13-/t31-/m0/s1"	DG(14:0/16:1(9Z)/0:0)	561.4472501		M+Na	1	18.9135	NCBITAXON:http://purl.bioontology.org/ontology/NCBITAXON/9606	Homo sapiens	HMDB		MSI:3		Progenesis	34.9																																																																																																																							
CHEBI:84386	C33H62O5	CCCCCCCCCCCCCC(=O)OC[C@H](CO)OC(=O)CCCCCCC\C=C/CCCCCC	"InChI=1S/C33H62O5/c1-3-5-7-9-11-13-15-16-18-20-22-24-26-28-33(36)38-31(29-34)30-37-32(35)27-25-23-21-19-17-14-12-10-8-6-4-2/h13,15,31,34H,3-12,14,16-30H2,1-2H3/b15-13-/t31-/m0/s1"	DG(14:0/16:1(9Z)/0:0)	577.4228565		M+K	1	17.8223	NCBITAXON:http://purl.bioontology.org/ontology/NCBITAXON/9606	Homo sapiens	HMDB		MSI:3		Progenesis	37.6																																																																																																																							
CHEBI:84392	C35H64O5	CCCCCCCCCCCCCC(=O)OC[C@H](CO)OC(=O)CCCCCCC\C=C/C\C=C/CCCCC	"InChI=1S/C35H64O5/c1-3-5-7-9-11-13-15-16-17-18-20-22-24-26-28-30-35(38)40-33(31-36)32-39-34(37)29-27-25-23-21-19-14-12-10-8-6-4-2/h11,13,16-17,33,36H,3-10,12,14-15,18-32H2,1-2H3/b13-11-,17-16-/t33-/m0/s1"	"DG(14:0/18:2(9Z,12Z)/0:0)"	587.4639806		M+Na	1	19.59563333	NCBITAXON:http://purl.bioontology.org/ontology/NCBITAXON/9606	Homo sapiens	HMDB		MSI:3		Progenesis	35.5																																																																																																																							
CHEBI:84392	C35H64O5	CCCCCCCCCCCCCC(=O)OC[C@H](CO)OC(=O)CCCCCCC\C=C/C\C=C/CCCCC	"InChI=1S/C35H64O5/c1-3-5-7-9-11-13-15-16-17-18-20-22-24-26-28-30-35(38)40-33(31-36)32-39-34(37)29-27-25-23-21-19-14-12-10-8-6-4-2/h11,13,16-17,33,36H,3-10,12,14-15,18-32H2,1-2H3/b13-11-,17-16-/t33-/m0/s1"	"DG(14:0/18:2(9Z,12Z)/0:0)"	547.4708036		M+H-H2O	1	19.24228333	NCBITAXON:http://purl.bioontology.org/ontology/NCBITAXON/9606	Homo sapiens	HMDB		MSI:3		Progenesis	35.2																																																																																																																							
CHEBI:88794	C37H66O5	C([C@@](COC(CCCCCCCCCCCCC)=O)(OC(CCC/C=C\C/C=C\C/C=C\CCCCCCCC)=O)[H])O	"InChI=1S/C37H66O5/c1-3-5-7-9-11-13-15-16-17-18-19-20-22-24-26-28-30-32-37(40)42-35(33-38)34-41-36(39)31-29-27-25-23-21-14-12-10-8-6-4-2/h16-17,19-20,24,26,35,38H,3-15,18,21-23,25,27-34H2,1-2H3/b17-16-,20-19-,26-24-/t35-/m0/s1"	"DG(14:0/20:3(5Z,8Z,11Z)/0:0)"	613.4816716		M+Na	1	20.0118	NCBITAXON:http://purl.bioontology.org/ontology/NCBITAXON/9606	Homo sapiens	HMDB		MSI:3		Progenesis	36.3																																																																																																																							
CHEBI:88794	C37H66O5	C([C@@](COC(CCCCCCCCCCCCC)=O)(OC(CCC/C=C\C/C=C\C/C=C\CCCCCCCC)=O)[H])O	"InChI=1S/C37H66O5/c1-3-5-7-9-11-13-15-16-17-18-19-20-22-24-26-28-30-32-37(40)42-35(33-38)34-41-36(39)31-29-27-25-23-21-14-12-10-8-6-4-2/h16-17,19-20,24,26,35,38H,3-15,18,21-23,25,27-34H2,1-2H3/b17-16-,20-19-,26-24-/t35-/m0/s1"	"DG(14:0/20:3(5Z,8Z,11Z)/0:0)"	591.5010495		M+H	1	17.96921667	NCBITAXON:http://purl.bioontology.org/ontology/NCBITAXON/9606	Homo sapiens	HMDB		MSI:3		Progenesis	35.7																																																																																																																							
CHEBI:88474	C39H68O5	C([C@@](COC(CCCCCCCCCCCCCCC)=O)(OC(CCCCCC/C=C\C/C=C\C/C=C\C/C=C\CC)=O)[H])O	"InChI=1S/C39H68O5/c1-3-5-7-9-11-13-15-17-18-19-20-22-24-26-28-30-32-34-39(42)44-37(35-40)36-43-38(41)33-31-29-27-25-23-21-16-14-12-10-8-6-4-2/h5,7,11,13,17-18,20,22,37,40H,3-4,6,8-10,12,14-16,19,21,23-36H2,1-2H3/b7-5-,13-11-,18-17-,22-20-/t37-/m0/s1"	"DG(16:0/20:4(8Z,11Z,14Z,17Z)/0:0)"	639.4986838		M+Na	1	20.19378333	NCBITAXON:http://purl.bioontology.org/ontology/NCBITAXON/9606	Homo sapiens	HMDB		MSI:2		Progenesis	56.1																																																																																																																							
CHEBI:88474	C39H68O5	C([C@@](COC(CCCCCCCCCCCCCCC)=O)(OC(CCCCCC/C=C\C/C=C\C/C=C\C/C=C\CC)=O)[H])O	"InChI=1S/C39H68O5/c1-3-5-7-9-11-13-15-17-18-19-20-22-24-26-28-30-32-34-39(42)44-37(35-40)36-43-38(41)33-31-29-27-25-23-21-16-14-12-10-8-6-4-2/h5,7,11,13,17-18,20,22,37,40H,3-4,6,8-10,12,14-16,19,21,23-36H2,1-2H3/b7-5-,13-11-,18-17-,22-20-/t37-/m0/s1"	"DG(16:0/20:4(8Z,11Z,14Z,17Z)/0:0)"	599.5048485		M+H-H2O	1	20.15883333	NCBITAXON:http://purl.bioontology.org/ontology/NCBITAXON/9606	Homo sapiens	HMDB		MSI:3		Progenesis	37.5																																																																																																																							
CHEBI:89170	C39H66O5	C([C@@](COC(CCCC/C=C\C/C=C\C/C=C\CCCCC)=O)(OC(CCCCCCC/C=C\C/C=C\CCCCC)=O)[H])O	"InChI=1S/C39H66O5/c1-3-5-7-9-11-13-15-17-19-21-23-25-27-29-31-33-38(41)43-36-37(35-40)44-39(42)34-32-30-28-26-24-22-20-18-16-14-12-10-8-6-4-2/h11-14,17-20,23,25,37,40H,3-10,15-16,21-22,24,26-36H2,1-2H3/b13-11-,14-12-,19-17-,20-18-,25-23-/t37-/m0/s1"	"DG(18:3(6Z,9Z,12Z)/18:2(9Z,12Z)/0:0)"	615.4998661		M+H	1	18.44491667	NCBITAXON:http://purl.bioontology.org/ontology/NCBITAXON/9606	Homo sapiens	HMDB		MSI:3		Progenesis	33.8																																																																																																																							
CHEBI:88992	C39H66O5	O(C[C@](CO)(OC(CCCCCCC/C=C\CCCCCCCC)=O)[H])C(CCCC/C=C\C/C=C\C/C=C\C/C=C\CC)=O	"InChI=1S/C39H66O5/c1-3-5-7-9-11-13-15-17-19-21-23-25-27-29-31-33-38(41)43-36-37(35-40)44-39(42)34-32-30-28-26-24-22-20-18-16-14-12-10-8-6-4-2/h5,7,11,13,17-20,23,25,37,40H,3-4,6,8-10,12,14-16,21-22,24,26-36H2,1-2H3/b7-5-,13-11-,19-17-,20-18-,25-23-/t37-/m0/s1"	"DG(18:4(6Z,9Z,12Z,15Z)/18:1(9Z)/0:0)"	637.4832634		M+Na	1	18.54976667	NCBITAXON:http://purl.bioontology.org/ontology/NCBITAXON/9606	Homo sapiens	HMDB		MSI:3		Progenesis	35.9																																																																																																																							
CHEBI:88966	C41H68O5	O(C[C@](CO)(OC(CCCCCCCCC/C=C\C/C=C\CCCCC)=O)[H])C(CCCC/C=C\C/C=C\C/C=C\C/C=C\CC)=O	"InChI=1S/C41H68O5/c1-3-5-7-9-11-13-15-17-19-20-22-24-26-28-30-32-34-36-41(44)46-39(37-42)38-45-40(43)35-33-31-29-27-25-23-21-18-16-14-12-10-8-6-4-2/h6,8,11-14,17-19,21,25,27,39,42H,3-5,7,9-10,15-16,20,22-24,26,28-38H2,1-2H3/b8-6-,13-11-,14-12-,19-17-,21-18-,27-25-/t39-/m0/s1"	"DG(18:4(6Z,9Z,12Z,15Z)/20:2(11Z,14Z)/0:0)"	641.5157186		"M+H-H2O, M+H"	1	19.07788333	NCBITAXON:http://purl.bioontology.org/ontology/NCBITAXON/9606	Homo sapiens	HMDB		MSI:2		Progenesis	39.2																																																																																																																							
CHEBI:88966	C41H68O5	O(C[C@](CO)(OC(CCCCCCCCC/C=C\C/C=C\CCCCC)=O)[H])C(CCCC/C=C\C/C=C\C/C=C\C/C=C\CC)=O	"InChI=1S/C41H68O5/c1-3-5-7-9-11-13-15-17-19-20-22-24-26-28-30-32-34-36-41(44)46-39(37-42)38-45-40(43)35-33-31-29-27-25-23-21-18-16-14-12-10-8-6-4-2/h6,8,11-14,17-19,21,25,27,39,42H,3-5,7,9-10,15-16,20,22-24,26,28-38H2,1-2H3/b8-6-,13-11-,14-12-,19-17-,21-18-,27-25-/t39-/m0/s1"	"DG(18:4(6Z,9Z,12Z,15Z)/20:2(11Z,14Z)/0:0)"	658.5454024		M+NH4	1	19.26686667	NCBITAXON:http://purl.bioontology.org/ontology/NCBITAXON/9606	Homo sapiens	HMDB		MSI:3		Progenesis	35.6																																																																																																																							
				"DG(20:5(5Z,8Z,11Z,14Z,17Z)/16:1(9Z)/0:0)"	651.4443046		M+K	1	10.84011667	NCBITAXON:http://purl.bioontology.org/ontology/NCBITAXON/9606	Homo sapiens	HMDB		MSI:2		Progenesis	39.5																																																																																																																							
CHEBI:90057	C43H70O5	O(C[C@](CO)(OC(CCCCCCCCC/C=C\C/C=C\CCCCC)=O)[H])C(CCC/C=C\C/C=C\C/C=C\C/C=C\C/C=C\CC)=O	"InChI=1S/C43H70O5/c1-3-5-7-9-11-13-15-17-19-21-23-25-27-29-31-33-35-37-42(45)47-40-41(39-44)48-43(46)38-36-34-32-30-28-26-24-22-20-18-16-14-12-10-8-6-4-2/h5,7,11-14,17-20,23,25,29,31,41,44H,3-4,6,8-10,15-16,21-22,24,26-28,30,32-40H2,1-2H3/b7-5-,13-11-,14-12-,19-17-,20-18-,25-23-,31-29-/t41-/m0/s1"	"DG(20:5(5Z,8Z,11Z,14Z,17Z)/20:2(11Z,14Z)/0:0)"	684.5625284		"M+H, M+NH4, M+Na"	1	14.82753333	NCBITAXON:http://purl.bioontology.org/ontology/NCBITAXON/9606	Homo sapiens	HMDB		MSI:2		Progenesis	45.3																																																																																																																							
CHEBI:89819	C43H72O5	C([C@@](COC(CCCCCCCCCCC/C=C\C/C=C\CCCCC)=O)(OC(CCCC/C=C\C/C=C\C/C=C\C/C=C\CC)=O)[H])O	"InChI=1S/C43H72O5/c1-3-5-7-9-11-13-15-17-19-20-21-22-24-25-27-29-31-33-35-37-42(45)47-40-41(39-44)48-43(46)38-36-34-32-30-28-26-23-18-16-14-12-10-8-6-4-2/h6,8,11-14,17-19,23,28,30,41,44H,3-5,7,9-10,15-16,20-22,24-27,29,31-40H2,1-2H3/b8-6-,13-11-,14-12-,19-17-,23-18-,30-28-/t41-/m0/s1"	"DG(22:2(13Z,16Z)/18:4(6Z,9Z,12Z,15Z)/0:0)"	691.5424363		"M+H-2H2O, M+NH4, M+Na"	1	13.3655	NCBITAXON:http://purl.bioontology.org/ontology/NCBITAXON/9606	Homo sapiens	HMDB		MSI:2		Progenesis	40.4																																																																																																																							
CHEBI:89433	C41H68O5	C([C@@](COC(CC/C=C\C/C=C\C/C=C\C/C=C\C/C=C\CCCCC)=O)(OC(CCCCCCC/C=C\CCCCCC)=O)[H])O	"InChI=1S/C41H68O5/c1-3-5-7-9-11-13-15-17-18-19-20-21-22-24-25-27-29-31-33-35-40(43)45-38-39(37-42)46-41(44)36-34-32-30-28-26-23-16-14-12-10-8-6-4-2/h11,13-14,16-18,20-21,24-25,29,31,39,42H,3-10,12,15,19,22-23,26-28,30,32-38H2,1-2H3/b13-11-,16-14-,18-17-,21-20-,25-24-,31-29-/t39-/m0/s1"	"DG(22:5(4Z,7Z,10Z,13Z,16Z)/16:1(9Z)/0:0)"	663.5005263		M+Na	1	19.26686667	NCBITAXON:http://purl.bioontology.org/ontology/NCBITAXON/9606	Homo sapiens	HMDB		MSI:2		Progenesis	37																																																																																																																							
CHEBI:89337	C41H68O5	O(C[C@](CO)(OC(CCCCCCCCCCCCCCC)=O)[H])C(CC/C=C\C/C=C\C/C=C\C/C=C\C/C=C\C/C=C\CC)=O	"InChI=1S/C41H68O5/c1-3-5-7-9-11-13-15-17-18-19-20-21-22-24-25-27-29-31-33-35-40(43)45-38-39(37-42)46-41(44)36-34-32-30-28-26-23-16-14-12-10-8-6-4-2/h5,7,11,13,17-18,20-21,24-25,29,31,39,42H,3-4,6,8-10,12,14-16,19,22-23,26-28,30,32-38H2,1-2H3/b7-5-,13-11-,18-17-,21-20-,25-24-,31-29-/t39-/m0/s1"	"DG(22:6(4Z,7Z,10Z,13Z,16Z,19Z)/16:0/0:0)"	679.4760605		M+K	1	19.24228333	NCBITAXON:http://purl.bioontology.org/ontology/NCBITAXON/9606	Homo sapiens	HMDB		MSI:2		Progenesis	35.6																																																																																																																							
CHEBI:82925	C47H68O5	CC\C=C/C\C=C/C\C=C/C\C=C/C\C=C/C\C=C/CCC(=O)OC[C@H](CO)OC(=O)CC\C=C/C\C=C/C\C=C/C\C=C/C\C=C/C\C=C/CC	"InChI=1S/C47H68O5/c1-3-5-7-9-11-13-15-17-19-21-23-25-27-29-31-33-35-37-39-41-46(49)51-44-45(43-48)52-47(50)42-40-38-36-34-32-30-28-26-24-22-20-18-16-14-12-10-8-6-4-2/h5-8,11-14,17-20,23-26,29-32,35-38,45,48H,3-4,9-10,15-16,21-22,27-28,33-34,39-44H2,1-2H3/b7-5-,8-6-,13-11-,14-12-,19-17-,20-18-,25-23-,26-24-,31-29-,32-30-,37-35-,38-36-/t45-/m0/s1"	"DG(22:6(4Z,7Z,10Z,13Z,16Z,19Z)/22:6(4Z,7Z,10Z,13Z,16Z,19Z)/0:0)"	677.4921641		M+H-2H2O	1	11.99085	NCBITAXON:http://purl.bioontology.org/ontology/NCBITAXON/9606	Homo sapiens	HMDB		MSI:2		Progenesis	51.3																																																																																																																							
CHEBI:82925	C47H68O5	CC\C=C/C\C=C/C\C=C/C\C=C/C\C=C/C\C=C/CCC(=O)OC[C@H](CO)OC(=O)CC\C=C/C\C=C/C\C=C/C\C=C/C\C=C/C\C=C/CC	"InChI=1S/C47H68O5/c1-3-5-7-9-11-13-15-17-19-21-23-25-27-29-31-33-35-37-39-41-46(49)51-44-45(43-48)52-47(50)42-40-38-36-34-32-30-28-26-24-22-20-18-16-14-12-10-8-6-4-2/h5-8,11-14,17-20,23-26,29-32,35-38,45,48H,3-4,9-10,15-16,21-22,27-28,33-34,39-44H2,1-2H3/b7-5-,8-6-,13-11-,14-12-,19-17-,20-18-,25-23-,26-24-,31-29-,32-30-,37-35-,38-36-/t45-/m0/s1"	"DG(22:6(4Z,7Z,10Z,13Z,16Z,19Z)/22:6(4Z,7Z,10Z,13Z,16Z,19Z)/0:0)"	677.4904739		M+H-2H2O	1	8.632716667	NCBITAXON:http://purl.bioontology.org/ontology/NCBITAXON/9606	Homo sapiens	HMDB		MSI:3		Progenesis	34.7																																																																																																																							
				"LysoPA(18:2(9Z,12Z)/0:0)"	399.2274081		M+H-2H2O	1	12.48401667	NCBITAXON:http://purl.bioontology.org/ontology/NCBITAXON/9606	Homo sapiens	HMDB		MSI:3		Progenesis	36																																																																																																																							
				"PC(14:0/18:4(6Z,9Z,12Z,15Z))"	708.4893018		M+H-H2O	1	11.60963333	NCBITAXON:http://purl.bioontology.org/ontology/NCBITAXON/9606	Homo sapiens	HMDB		MSI:2		Progenesis	45.6																																																																																																																							
				"PC(14:0/18:4(6Z,9Z,12Z,15Z))"	708.4904997		M+H-H2O	1	12.0329	NCBITAXON:http://purl.bioontology.org/ontology/NCBITAXON/9606	Homo sapiens	HMDB		MSI:3		Progenesis	34.5																																																																																																																							
				PC(14:0/P-16:0)	707.5736285		M+NH4	1	20.78143333	NCBITAXON:http://purl.bioontology.org/ontology/NCBITAXON/9606	Homo sapiens	HMDB		MSI:2		Progenesis	36.2																																																																																																																							
CHEBI:88908	C38H72NO8P	C([C@@](COC(CCCCCCC/C=C\CCCC)=O)(OC(CCCCCCC/C=C\CCCCCC)=O)[H])OP([O-])(=O)OCC[N+](C)(C)C	"InChI=1S/C38H72NO8P/c1-6-8-10-12-14-16-18-19-21-23-25-27-29-31-38(41)47-36(35-46-48(42,43)45-33-32-39(3,4)5)34-44-37(40)30-28-26-24-22-20-17-15-13-11-9-7-2/h13,15-16,18,36H,6-12,14,17,19-35H2,1-5H3/b15-13-,18-16-/t36-/m1/s1"	PC(14:1(9Z)/16:1(9Z))	719.5386366		M+NH4	1	9.80125	NCBITAXON:http://purl.bioontology.org/ontology/NCBITAXON/9606	Homo sapiens	HMDB		MSI:2		Progenesis	54.7																																																																																																																							
				PC(14:1(9Z)/24:0)	854.6101798		M+K	1	9.48995	NCBITAXON:http://purl.bioontology.org/ontology/NCBITAXON/9606	Homo sapiens	HMDB		MSI:3		Progenesis	33.6																																																																																																																							
CHEBI:89736	C44H86NO8P	C([C@@](COC(CCCCCCC/C=C\CCCCCC)=O)(OC(CCCCCCCCCCCCCCCCCCC)=O)[H])OP([O-])(=O)OCC[N+](C)(C)C	"InChI=1S/C44H86NO8P/c1-6-8-10-12-14-16-18-20-21-22-23-25-27-29-31-33-35-37-44(47)53-42(41-52-54(48,49)51-39-38-45(3,4)5)40-50-43(46)36-34-32-30-28-26-24-19-17-15-13-11-9-7-2/h17,19,42H,6-16,18,20-41H2,1-5H3/b19-17-/t42-/m1/s1"	PC(16:1(9Z)/20:0)	716.4586059		M+K	1	10.5534	NCBITAXON:http://purl.bioontology.org/ontology/NCBITAXON/9606	Homo sapiens	HMDB		MSI:3		Progenesis	34.2																																																																																																																							
				PC(18:0/22:0)	810.6658812		M+H-2H2O	1	5.3272	NCBITAXON:http://purl.bioontology.org/ontology/NCBITAXON/9606	Homo sapiens	HMDB		MSI:3		Progenesis	30.1																																																																																																																							
CHEBI:88864	C44H80NO8P	C([C@@](COC(CCCCC/C=C\C/C=C\C/C=C\C/C=C\CCCCC)=O)(OC(CCCCCCCCCCCCC)=O)[H])OP([O-])(=O)OCC[N+](C)(C)C	"InChI=1S/C44H80NO8P/c1-6-8-10-12-14-16-18-19-20-21-22-23-24-25-27-28-30-32-34-36-43(46)50-40-42(41-52-54(48,49)51-39-38-45(3,4)5)53-44(47)37-35-33-31-29-26-17-15-13-11-9-7-2/h14,16,19-20,22-23,25,27,42H,6-13,15,17-18,21,24,26,28-41H2,1-5H3/b16-14-,20-19-,23-22-,27-25-/t42-/m1/s1"	"PC(22:4(7Z,10Z,13Z,16Z)/14:0)"	804.5539346		"M+Na, M+K"	1	14.1454	NCBITAXON:http://purl.bioontology.org/ontology/NCBITAXON/9606	Homo sapiens	HMDB		MSI:2		Progenesis	40.4																																																																																																																							
				PE(14:0/18:0)	730.4778705		M+K	1	12.08533333	NCBITAXON:http://purl.bioontology.org/ontology/NCBITAXON/9606	Homo sapiens	HMDB		MSI:2		Progenesis	35.8																																																																																																																							
CHEBI:73009	C41H74NO8P	C(C[NH3+])OP(=O)([O-])OC[C@H](OC(CCC/C=C\C/C=C\C/C=C\C/C=C\CCCCC)=O)COC(=O)CCCCCCCCCCCCCCC	"InChI=1S/C41H74NO8P/c1-3-5-7-9-11-13-15-17-18-19-20-22-24-26-28-30-32-34-41(44)50-39(38-49-51(45,46)48-36-35-42)37-47-40(43)33-31-29-27-25-23-21-16-14-12-10-8-6-4-2/h11,13,17-18,20,22,26,28,39H,3-10,12,14-16,19,21,23-25,27,29-38,42H2,1-2H3,(H,45,46)/b13-11-,18-17-,22-20-,28-26-/t39-/m1/s1"	"PE(16:0/20:4(5Z,8Z,11Z,14Z))"	704.4953052		M+H-2H2O	1	12.00833333	NCBITAXON:http://purl.bioontology.org/ontology/NCBITAXON/9606	Homo sapiens	HMDB		MSI:3		Progenesis	32.8																																																																																																																							
				PE(16:1(9Z)/P-16:0)	691.543859		M+NH4	1	9.654333333	NCBITAXON:http://purl.bioontology.org/ontology/NCBITAXON/9606	Homo sapiens	HMDB		MSI:2		Progenesis	53.5																																																																																																																							
				"PE(20:3(5Z,8Z,11Z)/P-18:0)"	792.493419		"M+H, M+K"	1	0.629283333	NCBITAXON:http://purl.bioontology.org/ontology/NCBITAXON/9606	Homo sapiens	HMDB		MSI:3		Progenesis	31.4																																																																																																																							
				PI(16:0/18:0)	877.5197377		M+K	1	5.760933333	NCBITAXON:http://purl.bioontology.org/ontology/NCBITAXON/9606	Homo sapiens	HMDB		MSI:3		Progenesis	32.9																																																																																																																							
				"PI(16:0/20:2(11Z,14Z))"	880.5890473		M+NH4	1	13.3655	NCBITAXON:http://purl.bioontology.org/ontology/NCBITAXON/9606	Homo sapiens	HMDB		MSI:3		Progenesis	34.7																																																																																																																							
CHEBI:64489	C22H46NO7P	C(C[N+](C)(C)C)OP(=O)([O-])OC[C@](COC(=O)CCCCCCCCCCCCC)([H])O	"InChI=1S/C22H46NO7P/c1-5-6-7-8-9-10-11-12-13-14-15-16-22(25)28-19-21(24)20-30-31(26,27)29-18-17-23(2,3)4/h21,24H,5-20H2,1-4H3/t21-/m1/s1"	LysoPC(14:0/0:0)	468.3058579		"M+H-H2O, M+H, M+Na"	1	7.299966667	NCBITAXON:http://purl.bioontology.org/ontology/NCBITAXON/9606	Homo sapiens	HMDB		MSI:2		Progenesis	43.8																																																																																																																							
CHEBI:64489	C22H46NO7P	C(C[N+](C)(C)C)OP(=O)([O-])OC[C@](COC(=O)CCCCCCCCCCCCC)([H])O	"InChI=1S/C22H46NO7P/c1-5-6-7-8-9-10-11-12-13-14-15-16-22(25)28-19-21(24)20-30-31(26,27)29-18-17-23(2,3)4/h21,24H,5-20H2,1-4H3/t21-/m1/s1"	LysoPC(14:0/0:0)	468.3038582		M+H	1	7.1181	NCBITAXON:http://purl.bioontology.org/ontology/NCBITAXON/9606	Homo sapiens	HMDB		MSI:3		Progenesis	35.8																																																																																																																							
CHEBI:72736	C23H48NO7P	[H][C@@](CO[*])(COP([O-])(=O)OCC[N+](C)(C)C)O[*]		LysoPC(15:0)	504.3050168		M+Na	1	8.356366667	NCBITAXON:http://purl.bioontology.org/ontology/NCBITAXON/9606	Homo sapiens	HMDB		MSI:3		Progenesis	36.9																																																																																																																							
CHEBI:64563	C24H50NO7P	[H][C@@](CO[*])(COP([O-])(=O)OCC[N+](C)(C)C)O[*]		LysoPC(16:0)	496.3398223		"M+H-H2O, M+H, M+Na, M+K"	1	8.156866667	NCBITAXON:http://purl.bioontology.org/ontology/NCBITAXON/9606	Homo sapiens	HMDB		MSI:2		Progenesis	44.5																																																																																																																							
CHEBI:64563	C24H50NO7P	[H][C@@](CO[*])(COP([O-])(=O)OCC[N+](C)(C)C)O[*]		LysoPC(16:0)	496.3408269		"M+H-H2O, M+H, M+Na, M+K"	1	8.37385	NCBITAXON:http://purl.bioontology.org/ontology/NCBITAXON/9606	Homo sapiens	HMDB		MSI:2		Progenesis	38																																																																																																																							
CHEBI:73851	C24H48NO7P	O(C(=O)CCCCCCC/C=C\CCCCCC)C[C@H](COP(OCC[N+](C)(C)C)(=O)[O-])O	"InChI=1S/C24H48NO7P/c1-5-6-7-8-9-10-11-12-13-14-15-16-17-18-24(27)30-21-23(26)22-32-33(28,29)31-20-19-25(2,3)4/h10-11,23,26H,5-9,12-22H2,1-4H3/b11-10-/t23-/m1/s1"	LysoPC(16:1(9Z)/0:0)	494.3218973		"M+H-H2O, M+H, M+Na"	1	7.611266667	NCBITAXON:http://purl.bioontology.org/ontology/NCBITAXON/9606	Homo sapiens	HMDB		MSI:2		Progenesis	51.3																																																																																																																							
CHEBI:73851	C24H48NO7P	O(C(=O)CCCCCCC/C=C\CCCCCC)C[C@H](COP(OCC[N+](C)(C)C)(=O)[O-])O	"InChI=1S/C24H48NO7P/c1-5-6-7-8-9-10-11-12-13-14-15-16-17-18-24(27)30-21-23(26)22-32-33(28,29)31-20-19-25(2,3)4/h10-11,23,26H,5-9,12-22H2,1-4H3/b11-10-/t23-/m1/s1"	LysoPC(16:1(9Z)/0:0)	494.3193455		M+H	1	8.156866667	NCBITAXON:http://purl.bioontology.org/ontology/NCBITAXON/9606	Homo sapiens	HMDB		MSI:2		Progenesis	40.3																																																																																																																							
CHEBI:64561	C26H54NO7P	[C@](CO*)(O*)([H])COP(OCC[N+](C)(C)C)(=O)[O-]		LysoPC(18:0)	524.3730745		"M+H-H2O, M+H, M+Na, M+K"	1	9.601916667	NCBITAXON:http://purl.bioontology.org/ontology/NCBITAXON/9606	Homo sapiens	HMDB		MSI:2		Progenesis	38.1																																																																																																																							
CHEBI:64561	C26H54NO7P	[C@](CO*)(O*)([H])COP(OCC[N+](C)(C)C)(=O)[O-]		LysoPC(18:0)	546.3524044		"M+H-H2O, M+Na, M+K"	1	9.3428	NCBITAXON:http://purl.bioontology.org/ontology/NCBITAXON/9606	Homo sapiens	HMDB		MSI:2		Progenesis	50.4																																																																																																																							
CHEBI:64561	C26H54NO7P	[C@](CO*)(O*)([H])COP(OCC[N+](C)(C)C)(=O)[O-]		LysoPC(18:0)	524.3664696		M+H	1	7.957516667	NCBITAXON:http://purl.bioontology.org/ontology/NCBITAXON/9606	Homo sapiens	HMDB		MSI:3		Progenesis	32.8																																																																																																																							
CHEBI:86255	C26H52NO7P	CCCCCC\C=C/CCCCCCCCCC(=O)OC[C@@H](O)COP([O-])(=O)OCC[N+](C)(C)C	"InChI=1S/C26H52NO7P/c1-5-6-7-8-9-10-11-12-13-14-15-16-17-18-19-20-26(29)32-23-25(28)24-34-35(30,31)33-22-21-27(2,3)4/h10-11,25,28H,5-9,12-24H2,1-4H3/b11-10-/t25-/m1/s1"	LysoPC(18:1(11Z))	544.3368099		"M+Na, M+K"	1	8.702616667	NCBITAXON:http://purl.bioontology.org/ontology/NCBITAXON/9606	Homo sapiens	HMDB		MSI:2		Progenesis	51																																																																																																																							
CHEBI:28733	C26H50NO7P	CCCCC\C=C/C\C=C/CCCCCCCC(=O)OC[C@@H](O)COP([O-])(=O)OCC[N+](C)(C)C	"InChI=1S/C26H50NO7P/c1-5-6-7-8-9-10-11-12-13-14-15-16-17-18-19-20-26(29)32-23-25(28)24-34-35(30,31)33-22-21-27(2,3)4/h9-10,12-13,25,28H,5-8,11,14-24H2,1-4H3/b10-9-,13-12-/t25-/m1/s1"	"LysoPC(18:2(9Z,12Z))"	520.3409068		"M+H-H2O, M+H, M+Na, M+K"	1	7.992483333	NCBITAXON:http://purl.bioontology.org/ontology/NCBITAXON/9606	Homo sapiens	HMDB		MSI:2		Progenesis	42.6																																																																																																																							
CHEBI:28733	C26H50NO7P	CCCCC\C=C/C\C=C/CCCCCCCC(=O)OC[C@@H](O)COP([O-])(=O)OCC[N+](C)(C)C	"InChI=1S/C26H50NO7P/c1-5-6-7-8-9-10-11-12-13-14-15-16-17-18-19-20-26(29)32-23-25(28)24-34-35(30,31)33-22-21-27(2,3)4/h9-10,12-13,25,28H,5-8,11,14-24H2,1-4H3/b10-9-,13-12-/t25-/m1/s1"	"LysoPC(18:2(9Z,12Z))"	520.3410651		"M+H, M+Na"	1	7.810616667	NCBITAXON:http://purl.bioontology.org/ontology/NCBITAXON/9606	Homo sapiens	HMDB		MSI:2		Progenesis	41.2																																																																																																																							
CHEBI:88698	C26H48NO7P	C([C@@](COC(CCCC/C=C\C/C=C\C/C=C\CCCCC)=O)(O)[H])OP([O-])(=O)OCC[N+](C)(C)C	"InChI=1S/C26H48NO7P/c1-5-6-7-8-9-10-11-12-13-14-15-16-17-18-19-20-26(29)32-23-25(28)24-34-35(30,31)33-22-21-27(2,3)4/h9-10,12-13,15-16,25,28H,5-8,11,14,17-24H2,1-4H3/b10-9-,13-12-,16-15-/t25-/m1/s1"	"LysoPC(18:3(6Z,9Z,12Z))"	518.3217584		"M+H-H2O, M+H, M+Na"	1	7.446883333	NCBITAXON:http://purl.bioontology.org/ontology/NCBITAXON/9606	Homo sapiens	HMDB		MSI:2		Progenesis	51.3																																																																																																																							
CHEBI:88698	C26H48NO7P	C([C@@](COC(CCCC/C=C\C/C=C\C/C=C\CCCCC)=O)(O)[H])OP([O-])(=O)OCC[N+](C)(C)C	"InChI=1S/C26H48NO7P/c1-5-6-7-8-9-10-11-12-13-14-15-16-17-18-19-20-26(29)32-23-25(28)24-34-35(30,31)33-22-21-27(2,3)4/h9-10,12-13,15-16,25,28H,5-8,11,14,17-24H2,1-4H3/b10-9-,13-12-,16-15-/t25-/m1/s1"	"LysoPC(18:3(6Z,9Z,12Z))"	518.3263583		M+H	1	11.42776667	NCBITAXON:http://purl.bioontology.org/ontology/NCBITAXON/9606	Homo sapiens	HMDB		MSI:3		Progenesis	36.7																																																																																																																							
CHEBI:74968	C28H58NO7P	CCCCCCCCCCCCCCCCCCCC(=O)OC[C@@H](O)COP([O-])(=O)OCC[N+](C)(C)C	"InChI=1S/C28H58NO7P/c1-5-6-7-8-9-10-11-12-13-14-15-16-17-18-19-20-21-22-28(31)34-25-27(30)26-36-37(32,33)35-24-23-29(2,3)4/h27,30H,5-26H2,1-4H3/t27-/m1/s1"	LysoPC(20:0/0:0)	552.4021542		"M+H, M+Na"	1	10.98703333	NCBITAXON:http://purl.bioontology.org/ontology/NCBITAXON/9606	Homo sapiens	HMDB		MSI:2		Progenesis	58.1																																																																																																																							
CHEBI:74968	C28H58NO7P	CCCCCCCCCCCCCCCCCCCC(=O)OC[C@@H](O)COP([O-])(=O)OCC[N+](C)(C)C	"InChI=1S/C28H58NO7P/c1-5-6-7-8-9-10-11-12-13-14-15-16-17-18-19-20-21-22-28(31)34-25-27(30)26-36-37(32,33)35-24-23-29(2,3)4/h27,30H,5-26H2,1-4H3/t27-/m1/s1"	LysoPC(20:0/0:0)	534.3892893		M+H-H2O	1	10.22451667	NCBITAXON:http://purl.bioontology.org/ontology/NCBITAXON/9606	Homo sapiens	HMDB		MSI:2		Progenesis	54.9																																																																																																																							
CHEBI:88685	C28H56NO7P	C(C[N+](C)(C)C)OP(=O)([O-])OC[C@H](O)COC(CCCCCCCCC/C=C\CCCCCCCC)=O	"InChI=1S/C28H56NO7P/c1-5-6-7-8-9-10-11-12-13-14-15-16-17-18-19-20-21-22-28(31)34-25-27(30)26-36-37(32,33)35-24-23-29(2,3)4/h12-13,27,30H,5-11,14-26H2,1-4H3/b13-12-/t27-/m1/s1"	LysoPC(20:1(11Z))	550.3874614		"M+H, M+Na"	1	9.853683333	NCBITAXON:http://purl.bioontology.org/ontology/NCBITAXON/9606	Homo sapiens	HMDB		MSI:2		Progenesis	51.5																																																																																																																							
CHEBI:83055	C28H54NO7P	O(C(=O)CCCCCCCCC/C=C\C/C=C\CCCCC)C[C@H](COP(OCC[N+](C)(C)C)(=O)[O-])O	"InChI=1S/C28H54NO7P/c1-5-6-7-8-9-10-11-12-13-14-15-16-17-18-19-20-21-22-28(31)34-25-27(30)26-36-37(32,33)35-24-23-29(2,3)4/h9-10,12-13,27,30H,5-8,11,14-26H2,1-4H3/b10-9-,13-12-/t27-/m1/s1"	"LysoPC(20:2(11Z,14Z))"	548.3718493		"M+H, M+Na"	1	9.013916667	NCBITAXON:http://purl.bioontology.org/ontology/NCBITAXON/9606	Homo sapiens	HMDB		MSI:2		Progenesis	40.3																																																																																																																							
CHEBI:83055	C28H54NO7P	O(C(=O)CCCCCCCCC/C=C\C/C=C\CCCCC)C[C@H](COP(OCC[N+](C)(C)C)(=O)[O-])O	"InChI=1S/C28H54NO7P/c1-5-6-7-8-9-10-11-12-13-14-15-16-17-18-19-20-21-22-28(31)34-25-27(30)26-36-37(32,33)35-24-23-29(2,3)4/h9-10,12-13,27,30H,5-8,11,14-26H2,1-4H3/b10-9-,13-12-/t27-/m1/s1"	"LysoPC(20:2(11Z,14Z))"	548.375195		M+H	1	12.28468333	NCBITAXON:http://purl.bioontology.org/ontology/NCBITAXON/9606	Homo sapiens	HMDB		MSI:3		Progenesis	37.9																																																																																																																							
CHEBI:74343	C28H52NO7P	[H][C@@](O)(COC(=O)CCC\C=C/C\C=C/C\C=C/CCCCCCCC)COP([O-])(=O)OCC[N+](C)(C)C	"InChI=1S/C28H52NO7P/c1-5-6-7-8-9-10-11-12-13-14-15-16-17-18-19-20-21-22-28(31)34-25-27(30)26-36-37(32,33)35-24-23-29(2,3)4/h12-13,15-16,18-19,27,30H,5-11,14,17,20-26H2,1-4H3/b13-12-,16-15-,19-18-/t27-/m1/s1"	"LysoPC(20:3(5Z,8Z,11Z))"	546.3568669		"M+H-H2O, M+H, M+Na"	1	8.4159	NCBITAXON:http://purl.bioontology.org/ontology/NCBITAXON/9606	Homo sapiens	HMDB		MSI:2		Progenesis	49.4																																																																																																																							
CHEBI:74343	C28H52NO7P	[H][C@@](O)(COC(=O)CCC\C=C/C\C=C/C\C=C/CCCCCCCC)COP([O-])(=O)OCC[N+](C)(C)C	"InChI=1S/C28H52NO7P/c1-5-6-7-8-9-10-11-12-13-14-15-16-17-18-19-20-21-22-28(31)34-25-27(30)26-36-37(32,33)35-24-23-29(2,3)4/h12-13,15-16,18-19,27,30H,5-11,14,17,20-26H2,1-4H3/b13-12-,16-15-,19-18-/t27-/m1/s1"	"LysoPC(20:3(5Z,8Z,11Z))"	546.354765		M+H	1	8.226933333	NCBITAXON:http://purl.bioontology.org/ontology/NCBITAXON/9606	Homo sapiens	HMDB		MSI:3		Progenesis	38.1																																																																																																																							
CHEBI:74344	C28H50NO7P	[H][C@@](O)(COC(=O)CCC\C=C/C\C=C/C\C=C/C\C=C/CCCCC)COP([O-])(=O)OCC[N+](C)(C)C	"InChI=1S/C28H50NO7P/c1-5-6-7-8-9-10-11-12-13-14-15-16-17-18-19-20-21-22-28(31)34-25-27(30)26-36-37(32,33)35-24-23-29(2,3)4/h9-10,12-13,15-16,18-19,27,30H,5-8,11,14,17,20-26H2,1-4H3/b10-9-,13-12-,16-15-,19-18-/t27-/m1/s1"	"LysoPC(20:4(5Z,8Z,11Z,14Z))"	544.3411092		"M+H-H2O, M+H, M+Na"	1	7.863033333	NCBITAXON:http://purl.bioontology.org/ontology/NCBITAXON/9606	Homo sapiens	HMDB		MSI:2		Progenesis	44.2																																																																																																																							
CHEBI:86259	C28H50NO7P	CC\C=C/C\C=C/C\C=C/C\C=C/CCCCCCC(=O)OC[C@@H](O)COP([O-])(=O)OCC[N+](C)(C)C	"InChI=1S/C28H50NO7P/c1-5-6-7-8-9-10-11-12-13-14-15-16-17-18-19-20-21-22-28(31)34-25-27(30)26-36-37(32,33)35-24-23-29(2,3)4/h6-7,9-10,12-13,15-16,27,30H,5,8,11,14,17-26H2,1-4H3/b7-6-,10-9-,13-12-,16-15-/t27-/m1/s1"	"LysoPC(20:4(8Z,11Z,14Z,17Z))"	544.3426031		"M+H, M+Na, M+K"	1	8.00995	NCBITAXON:http://purl.bioontology.org/ontology/NCBITAXON/9606	Homo sapiens	HMDB		MSI:2		Progenesis	51.7																																																																																																																							
CHEBI:86259	C28H50NO7P	CC\C=C/C\C=C/C\C=C/C\C=C/CCCCCCC(=O)OC[C@@H](O)COP([O-])(=O)OCC[N+](C)(C)C	"InChI=1S/C28H50NO7P/c1-5-6-7-8-9-10-11-12-13-14-15-16-17-18-19-20-21-22-28(31)34-25-27(30)26-36-37(32,33)35-24-23-29(2,3)4/h6-7,9-10,12-13,15-16,27,30H,5,8,11,14,17-26H2,1-4H3/b7-6-,10-9-,13-12-,16-15-/t27-/m1/s1"	"LysoPC(20:4(8Z,11Z,14Z,17Z))"	526.3273351		M+H-H2O	1	8.027433333	NCBITAXON:http://purl.bioontology.org/ontology/NCBITAXON/9606	Homo sapiens	HMDB		MSI:2		Progenesis	36																																																																																																																							
CHEBI:88686	C28H48NO7P	C([C@@](COC(CCC/C=C\C/C=C\C/C=C\C/C=C\C/C=C\CC)=O)(O)[H])OP([O-])(=O)OCC[N+](C)(C)C	"InChI=1S/C28H48NO7P/c1-5-6-7-8-9-10-11-12-13-14-15-16-17-18-19-20-21-22-28(31)34-25-27(30)26-36-37(32,33)35-24-23-29(2,3)4/h6-7,9-10,12-13,15-16,18-19,27,30H,5,8,11,14,17,20-26H2,1-4H3/b7-6-,10-9-,13-12-,16-15-,19-18-/t27-/m1/s1"	"LysoPC(20:5(5Z,8Z,11Z,14Z,17Z))"	542.3232247		M+H	1	7.499316667	NCBITAXON:http://purl.bioontology.org/ontology/NCBITAXON/9606	Homo sapiens	HMDB		MSI:2		Progenesis	43.1																																																																																																																							
CHEBI:67061	C30H62NO7P	[H][C@@](CO[*])(COP([O-])(=O)OCC[N+](C)(C)C)O[*]		LysoPC(22:0)	562.4229069		M+H-H2O	1	10.5534	NCBITAXON:http://purl.bioontology.org/ontology/NCBITAXON/9606	Homo sapiens	HMDB		MSI:2		Progenesis	43.2																																																																																																																							
CHEBI:67061	C30H62NO7P	[H][C@@](CO[*])(COP([O-])(=O)OCC[N+](C)(C)C)O[*]		LysoPC(22:0)	562.4206525		M+H-H2O	1	11.80898333	NCBITAXON:http://purl.bioontology.org/ontology/NCBITAXON/9606	Homo sapiens	HMDB		MSI:3		Progenesis	36.2																																																																																																																							
CHEBI:67061	C30H62NO7P	[H][C@@](CO[*])(COP([O-])(=O)OCC[N+](C)(C)C)O[*]		LysoPC(22:0)	580.4325954		M+H	1	12.24971667	NCBITAXON:http://purl.bioontology.org/ontology/NCBITAXON/9606	Homo sapiens	HMDB		MSI:3		Progenesis	35.4																																																																																																																							
CHEBI:67061	C30H62NO7P	[H][C@@](CO[*])(COP([O-])(=O)OCC[N+](C)(C)C)O[*]		LysoPC(22:0)	580.4336758		M+H	1	12.5785	NCBITAXON:http://purl.bioontology.org/ontology/NCBITAXON/9606	Homo sapiens	HMDB		MSI:2		Progenesis	47.5																																																																																																																							
CHEBI:67061	C30H62NO7P	[H][C@@](CO[*])(COP([O-])(=O)OCC[N+](C)(C)C)O[*]		LysoPC(22:0)	562.421677		M+H-H2O	1	11.59216667	NCBITAXON:http://purl.bioontology.org/ontology/NCBITAXON/9606	Homo sapiens	HMDB		MSI:3		Progenesis	36.4																																																																																																																							
CHEBI:88684	C30H60NO7P	C([C@](COC(CCCCCCCCCCC/C=C\CCCCCCCC)=O)([H])O)OP([O-])(=O)OCC[N+](C)(C)C	"InChI=1S/C30H60NO7P/c1-5-6-7-8-9-10-11-12-13-14-15-16-17-18-19-20-21-22-23-24-30(33)36-27-29(32)28-38-39(34,35)37-26-25-31(2,3)4/h12-13,29,32H,5-11,14-28H2,1-4H3/b13-12-/t29-/m1/s1"	LysoPC(22:1(13Z))	600.4036255		M+Na	1	9.8362	NCBITAXON:http://purl.bioontology.org/ontology/NCBITAXON/9606	Homo sapiens	HMDB		MSI:2		Progenesis	38.5																																																																																																																							
CHEBI:88684	C30H60NO7P	C([C@](COC(CCCCCCCCCCC/C=C\CCCCCCCC)=O)([H])O)OP([O-])(=O)OCC[N+](C)(C)C	"InChI=1S/C30H60NO7P/c1-5-6-7-8-9-10-11-12-13-14-15-16-17-18-19-20-21-22-23-24-30(33)36-27-29(32)28-38-39(34,35)37-26-25-31(2,3)4/h12-13,29,32H,5-11,14-28H2,1-4H3/b13-12-/t29-/m1/s1"	LysoPC(22:1(13Z))	578.4178749		M+H	1	11.1689	NCBITAXON:http://purl.bioontology.org/ontology/NCBITAXON/9606	Homo sapiens	HMDB		MSI:2		Progenesis	57.3																																																																																																																							
CHEBI:88952	C30H58NO7P	C([C@@](COC(CCCCCCCCCCC/C=C\C/C=C\CCCCC)=O)(O)[H])OP([O-])(=O)OCC[N+](C)(C)C	"InChI=1S/C30H58NO7P/c1-5-6-7-8-9-10-11-12-13-14-15-16-17-18-19-20-21-22-23-24-30(33)36-27-29(32)28-38-39(34,35)37-26-25-31(2,3)4/h9-10,12-13,29,32H,5-8,11,14-28H2,1-4H3/b10-9-,13-12-/t29-/m1/s1"	"LysoPC(22:2(13Z,16Z))"	598.3874366		M+Na	1	9.178416667	NCBITAXON:http://purl.bioontology.org/ontology/NCBITAXON/9606	Homo sapiens	HMDB		MSI:3		Progenesis	35.7																																																																																																																							
CHEBI:88952	C30H58NO7P	C([C@@](COC(CCCCCCCCCCC/C=C\C/C=C\CCCCC)=O)(O)[H])OP([O-])(=O)OCC[N+](C)(C)C	"InChI=1S/C30H58NO7P/c1-5-6-7-8-9-10-11-12-13-14-15-16-17-18-19-20-21-22-23-24-30(33)36-27-29(32)28-38-39(34,35)37-26-25-31(2,3)4/h9-10,12-13,29,32H,5-8,11,14-28H2,1-4H3/b10-9-,13-12-/t29-/m1/s1"	"LysoPC(22:2(13Z,16Z))"	576.4021151		M+H	1	10.18246667	NCBITAXON:http://purl.bioontology.org/ontology/NCBITAXON/9606	Homo sapiens	HMDB		MSI:2		Progenesis	38																																																																																																																							
CHEBI:133657	C30H54NO7P	C(C[N+](C)(C)C)OP(=O)([O-])OC[C@H](O)COC(CCCCC/C=C\C/C=C\C/C=C\C/C=C\CCCCC)=O	"InChI=1S/C30H54NO7P/c1-5-6-7-8-9-10-11-12-13-14-15-16-17-18-19-20-21-22-23-24-30(33)36-27-29(32)28-38-39(34,35)37-26-25-31(2,3)4/h9-10,12-13,15-16,18-19,29,32H,5-8,11,14,17,20-28H2,1-4H3/b10-9-,13-12-,16-15-,19-18-/t29-/m1/s1"	"LysoPC(22:4(7Z,10Z,13Z,16Z))"	572.3719304		"M+H, M+Na"	1	8.867016667	NCBITAXON:http://purl.bioontology.org/ontology/NCBITAXON/9606	Homo sapiens	HMDB		MSI:2		Progenesis	50.5																																																																																																																							
CHEBI:74348	C30H52NO7P	O(C(=O)CC/C=C\C/C=C\C/C=C\C/C=C\C/C=C\CCCCC)C[C@H](COP(OCC[N+](C)(C)C)(=O)[O-])O	"InChI=1S/C30H52NO7P/c1-5-6-7-8-9-10-11-12-13-14-15-16-17-18-19-20-21-22-23-24-30(33)36-27-29(32)28-38-39(34,35)37-26-25-31(2,3)4/h9-10,12-13,15-16,18-19,21-22,29,32H,5-8,11,14,17,20,23-28H2,1-4H3/b10-9-,13-12-,16-15-,19-18-,22-21-/t29-/m1/s1"	"LysoPC(22:5(4Z,7Z,10Z,13Z,16Z))"	570.3568498		"M+H-H2O, M+H, M+Na"	1	8.268983333	NCBITAXON:http://purl.bioontology.org/ontology/NCBITAXON/9606	Homo sapiens	HMDB		MSI:2		Progenesis	58																																																																																																																							
CHEBI:74348	C30H52NO7P	O(C(=O)CC/C=C\C/C=C\C/C=C\C/C=C\C/C=C\CCCCC)C[C@H](COP(OCC[N+](C)(C)C)(=O)[O-])O	"InChI=1S/C30H52NO7P/c1-5-6-7-8-9-10-11-12-13-14-15-16-17-18-19-20-21-22-23-24-30(33)36-27-29(32)28-38-39(34,35)37-26-25-31(2,3)4/h9-10,12-13,15-16,18-19,21-22,29,32H,5-8,11,14,17,20,23-28H2,1-4H3/b10-9-,13-12-,16-15-,19-18-,22-21-/t29-/m1/s1"	"LysoPC(22:5(4Z,7Z,10Z,13Z,16Z))"	570.3553323		M+H	1	8.555716667	NCBITAXON:http://purl.bioontology.org/ontology/NCBITAXON/9606	Homo sapiens	HMDB		MSI:3		Progenesis	37.3																																																																																																																							
CHEBI:73873	C30H50NO7P	[C@@H](COC(CC/C=C\C/C=C\C/C=C\C/C=C\C/C=C\C/C=C\CC)=O)(COP(OCC[N+](C)(C)C)(=O)[O-])O	"InChI=1S/C30H50NO7P/c1-5-6-7-8-9-10-11-12-13-14-15-16-17-18-19-20-21-22-23-24-30(33)36-27-29(32)28-38-39(34,35)37-26-25-31(2,3)4/h6-7,9-10,12-13,15-16,18-19,21-22,29,32H,5,8,11,14,17,20,23-28H2,1-4H3/b7-6-,10-9-,13-12-,16-15-,19-18-,22-21-/t29-/m1/s1"	"LysoPC(22:6(4Z,7Z,10Z,13Z,16Z,19Z))"	568.3412652		"M+H, M+Na"	1	7.992483333	NCBITAXON:http://purl.bioontology.org/ontology/NCBITAXON/9606	Homo sapiens	HMDB		MSI:2		Progenesis	39.1																																																																																																																							
CHEBI:73873	C30H50NO7P	[C@@H](COC(CC/C=C\C/C=C\C/C=C\C/C=C\C/C=C\C/C=C\CC)=O)(COP(OCC[N+](C)(C)C)(=O)[O-])O	"InChI=1S/C30H50NO7P/c1-5-6-7-8-9-10-11-12-13-14-15-16-17-18-19-20-21-22-23-24-30(33)36-27-29(32)28-38-39(34,35)37-26-25-31(2,3)4/h6-7,9-10,12-13,15-16,18-19,21-22,29,32H,5,8,11,14,17,20,23-28H2,1-4H3/b7-6-,10-9-,13-12-,16-15-,19-18-,22-21-/t29-/m1/s1"	"LysoPC(22:6(4Z,7Z,10Z,13Z,16Z,19Z))"	568.3400609		"M+H, M+Na"	1	7.863033333	NCBITAXON:http://purl.bioontology.org/ontology/NCBITAXON/9606	Homo sapiens	HMDB		MSI:2		Progenesis	40																																																																																																																							
CHEBI:86260	C32H66NO7P	CCCCCCCCCCCCCCCCCCCCCCCC(=O)OC[C@@H](O)COP([O-])(=O)OCC[N+](C)(C)C	"InChI=1S/C32H66NO7P/c1-5-6-7-8-9-10-11-12-13-14-15-16-17-18-19-20-21-22-23-24-25-26-32(35)38-29-31(34)30-40-41(36,37)39-28-27-33(2,3)4/h31,34H,5-30H2,1-4H3/t31-/m1/s1"	LysoPC(24:0)	590.4559352		M+H-H2O	1	12.0329	NCBITAXON:http://purl.bioontology.org/ontology/NCBITAXON/9606	Homo sapiens	HMDB		MSI:2		Progenesis	47.3																																																																																																																							
CHEBI:88948	C32H64NO7P	C([C@](COC(CCCCCCCCCCCCC/C=C\CCCCCCCC)=O)([H])O)OP([O-])(=O)OCC[N+](C)(C)C	"InChI=1S/C32H64NO7P/c1-5-6-7-8-9-10-11-12-13-14-15-16-17-18-19-20-21-22-23-24-25-26-32(35)38-29-31(34)30-40-41(36,37)39-28-27-33(2,3)4/h12-13,31,34H,5-11,14-30H2,1-4H3/b13-12-/t31-/m1/s1"	LysoPC(24:1(15Z))	606.4506604		"M+H, M+Na"	1	12.70795	NCBITAXON:http://purl.bioontology.org/ontology/NCBITAXON/9606	Homo sapiens	HMDB		MSI:2		Progenesis	37.7																																																																																																																							
CHEBI:88948	C32H64NO7P	C([C@](COC(CCCCCCCCCCCCC/C=C\CCCCCCCC)=O)([H])O)OP([O-])(=O)OCC[N+](C)(C)C	"InChI=1S/C32H64NO7P/c1-5-6-7-8-9-10-11-12-13-14-15-16-17-18-19-20-21-22-23-24-25-26-32(35)38-29-31(34)30-40-41(36,37)39-28-27-33(2,3)4/h12-13,31,34H,5-11,14-30H2,1-4H3/b13-12-/t31-/m1/s1"	LysoPC(24:1(15Z))	628.4353533		M+Na	1	10.95208333	NCBITAXON:http://purl.bioontology.org/ontology/NCBITAXON/9606	Homo sapiens	HMDB		MSI:3		Progenesis	35.3																																																																																																																							
CHEBI:88948	C32H64NO7P	C([C@](COC(CCCCCCCCCCCCC/C=C\CCCCCCCC)=O)([H])O)OP([O-])(=O)OCC[N+](C)(C)C	"InChI=1S/C32H64NO7P/c1-5-6-7-8-9-10-11-12-13-14-15-16-17-18-19-20-21-22-23-24-25-26-32(35)38-29-31(34)30-40-41(36,37)39-28-27-33(2,3)4/h12-13,31,34H,5-11,14-30H2,1-4H3/b13-12-/t31-/m1/s1"	LysoPC(24:1(15Z))	606.4493422		M+H	1	12.36168333	NCBITAXON:http://purl.bioontology.org/ontology/NCBITAXON/9606	Homo sapiens	HMDB		MSI:3		Progenesis	36.4																																																																																																																							
CHEBI:88948	C32H64NO7P	C([C@](COC(CCCCCCCCCCCCC/C=C\CCCCCCCC)=O)([H])O)OP([O-])(=O)OCC[N+](C)(C)C	"InChI=1S/C32H64NO7P/c1-5-6-7-8-9-10-11-12-13-14-15-16-17-18-19-20-21-22-23-24-25-26-32(35)38-29-31(34)30-40-41(36,37)39-28-27-33(2,3)4/h12-13,31,34H,5-11,14-30H2,1-4H3/b13-12-/t31-/m1/s1"	LysoPC(24:1(15Z))	588.4387344		M+H-H2O	1	11.92095	NCBITAXON:http://purl.bioontology.org/ontology/NCBITAXON/9606	Homo sapiens	HMDB		MSI:3		Progenesis	36.5																																																																																																																							
CHEBI:140773	C24H50NO6P	P(OC[C@@H](CO/C=C/*)O)(=O)(OCC[N+](C)(C)C)[O-]		LysoPC(P-16:0)	480.3432409		"M+H, M+Na"	1	8.702616667	NCBITAXON:http://purl.bioontology.org/ontology/NCBITAXON/9606	Homo sapiens	HMDB		MSI:2		Progenesis	40.9																																																																																																																							
CHEBI:84753	C26H52NO6P	[C@@H](CO/C=C\CCCCCC/C=C\CCCCCCCC)(COP(OCC[N+](C)(C)C)(=O)[O-])O	"InChI=1S/C26H52NO6P/c1-5-6-7-8-9-10-11-12-13-14-15-16-17-18-19-20-22-31-24-26(28)25-33-34(29,30)32-23-21-27(2,3)4/h12-13,20,22,26,28H,5-11,14-19,21,23-25H2,1-4H3/b13-12-,22-20-/t26-/m1/s1"	LysoPC(P-18:1(9Z))	506.3573836		M+H	1	9.013916667	NCBITAXON:http://purl.bioontology.org/ontology/NCBITAXON/9606	Homo sapiens	HMDB		MSI:2		Progenesis	47.8																																																																																																																							
CHEBI:73205	C38H75O10P	CCCCCCCCCCCCCCCC(=O)OC[C@H](COP(O)(=O)OC[C@@H](O)CO)OC(=O)CCCCCCCCCCCCCCC	"InChI=1S/C38H75O10P/c1-3-5-7-9-11-13-15-17-19-21-23-25-27-29-37(41)45-33-36(34-47-49(43,44)46-32-35(40)31-39)48-38(42)30-28-26-24-22-20-18-16-14-12-10-8-6-4-2/h35-36,39-40H,3-34H2,1-2H3,(H,43,44)/t35-,36+/m0/s1"	PG(16:0/16:0)	740.5388515		M+NH4	1	13.47036667	NCBITAXON:http://purl.bioontology.org/ontology/NCBITAXON/9606	Homo sapiens	HMDB		MSI:2		Progenesis	29.8																																																																																																																							
CHEBI:89274	C42H81O10P	C([C@@](COC(CCCCCCCCC/C=C\CCCCCC)=O)(OC(CCCCCCCCCCCCCCCCC)=O)[H])OP(=O)(O)OC[C@@](CO)([H])O	"InChI=1S/C42H81O10P/c1-3-5-7-9-11-13-15-17-19-21-23-25-27-29-31-33-41(45)49-37-40(38-51-53(47,48)50-36-39(44)35-43)52-42(46)34-32-30-28-26-24-22-20-18-16-14-12-10-8-6-4-2/h13,15,39-40,43-44H,3-12,14,16-38H2,1-2H3,(H,47,48)/b15-13-/t39-,40+/m0/s1"	PG(18:1(11Z)/18:0)	777.5701305		M+H	1	18.58471667	NCBITAXON:http://purl.bioontology.org/ontology/NCBITAXON/9606	Homo sapiens	HMDB		MSI:2		Progenesis	36.5																																																																																																																							
CHEBI:75036	C23H48NO7P	CCCCCCCCCCCCCCCCCC(=O)OC[C@@H](O)COP([O-])(=O)OCC[NH3+]	"InChI=1S/C23H48NO7P/c1-2-3-4-5-6-7-8-9-10-11-12-13-14-15-16-17-23(26)29-20-22(25)21-31-32(27,28)30-19-18-24/h22,25H,2-21,24H2,1H3,(H,27,28)/t22-/m1/s1"	LysoPE(18:0/0:0)	482.3228061		"M+H-H2O, M+H, M+Na"	1	9.542383333	NCBITAXON:http://purl.bioontology.org/ontology/NCBITAXON/9606	Homo sapiens	HMDB		MSI:2		Progenesis	57.7																																																																																																																							
CHEBI:75036	C23H48NO7P	CCCCCCCCCCCCCCCCCC(=O)OC[C@@H](O)COP([O-])(=O)OCC[NH3+]	"InChI=1S/C23H48NO7P/c1-2-3-4-5-6-7-8-9-10-11-12-13-14-15-16-17-23(26)29-20-22(25)21-31-32(27,28)30-19-18-24/h22,25H,2-21,24H2,1H3,(H,27,28)/t22-/m1/s1"	LysoPE(18:0/0:0)	482.3198227		"M+H, M+Na"	1	9.290383333	NCBITAXON:http://purl.bioontology.org/ontology/NCBITAXON/9606	Homo sapiens	HMDB		MSI:2		Progenesis	46.5																																																																																																																							
CHEBI:75550	C21H42O4	CCCCCCCCCCCCCCCCCC(=O)OC[C@@H](O)CO	"InChI=1S/C21H42O4/c1-2-3-4-5-6-7-8-9-10-11-12-13-14-15-16-17-21(24)25-19-20(23)18-22/h20,22-23H,2-19H2,1H3/t20-/m0/s1"	MG(18:0/0:0/0:0)	341.3044164		M+H-H2O	1	9.542383333	NCBITAXON:http://purl.bioontology.org/ontology/NCBITAXON/9606	Homo sapiens	HMDB		MSI:3		Progenesis	38.4																																																																																																																							
CHEBI:75216	C26H56NO6P	[C@@H](COCCCCCCCCCCCCCCCCCC)(COP(OCC[N+](C)(C)C)(=O)[O-])O	"InChI=1S/C26H56NO6P/c1-5-6-7-8-9-10-11-12-13-14-15-16-17-18-19-20-22-31-24-26(28)25-33-34(29,30)32-23-21-27(2,3)4/h26,28H,5-25H2,1-4H3/t26-/m1/s1"	LysoPC(O-18:0)	510.3923817		"M+H, M+Na, M+K"	1	9.965633333	NCBITAXON:http://purl.bioontology.org/ontology/NCBITAXON/9606	Homo sapiens	HMDB		MSI:2		Progenesis	54.6																																																																																																																							
CHEBI:75216	C26H56NO6P	[C@@H](COCCCCCCCCCCCCCCCCCC)(COP(OCC[N+](C)(C)C)(=O)[O-])O	"InChI=1S/C26H56NO6P/c1-5-6-7-8-9-10-11-12-13-14-15-16-17-18-19-20-22-31-24-26(28)25-33-34(29,30)32-23-21-27(2,3)4/h26,28H,5-25H2,1-4H3/t26-/m1/s1"	LysoPC(O-18:0)	532.3732306		M+Na	1	9.3428	NCBITAXON:http://purl.bioontology.org/ontology/NCBITAXON/9606	Homo sapiens	HMDB		MSI:2		Progenesis	36.2																																																																																																																							
CHEBI:75216	C26H56NO6P	[C@@H](COCCCCCCCCCCCCCCCCCC)(COP(OCC[N+](C)(C)C)(=O)[O-])O	"InChI=1S/C26H56NO6P/c1-5-6-7-8-9-10-11-12-13-14-15-16-17-18-19-20-22-31-24-26(28)25-33-34(29,30)32-23-21-27(2,3)4/h26,28H,5-25H2,1-4H3/t26-/m1/s1"	LysoPC(O-18:0)	532.3730912		M+Na	1	8.615233333	NCBITAXON:http://purl.bioontology.org/ontology/NCBITAXON/9606	Homo sapiens	HMDB		MSI:3		Progenesis	36.7																																																																																																																							
CHEBI:89931	C44H78NO7P	C([C@@](CO/C=C\CCCCCCCC/C=C\CCCCCC)(OC(CCCC/C=C\C/C=C\C/C=C\C/C=C\CC)=O)[H])OP([O-])(=O)OCC[N+](C)(C)C	"InChI=1S/C44H78NO7P/c1-6-8-10-12-14-16-18-20-22-24-26-28-30-32-34-36-39-49-41-43(42-51-53(47,48)50-40-38-45(3,4)5)52-44(46)37-35-33-31-29-27-25-23-21-19-17-15-13-11-9-7-2/h9,11,15-18,21,23,27,29,36,39,43H,6-8,10,12-14,19-20,22,24-26,28,30-35,37-38,40-42H2,1-5H3/b11-9-,17-15-,18-16-,23-21-,29-27-,39-36-/t43-/m1/s1"	"PC(P-18:1(11Z)/18:4(6Z,9Z,12Z,15Z))"	802.5115775		M+K	1	0.629283333	NCBITAXON:http://purl.bioontology.org/ontology/NCBITAXON/9606	Homo sapiens	HMDB		MSI:3		Progenesis	31.2																																																																																																																							
				PC(P-18:1(11Z)/22:1(13Z))	843.6963469		M+NH4	1	5.4741	NCBITAXON:http://purl.bioontology.org/ontology/NCBITAXON/9606	Homo sapiens	HMDB		MSI:3		Progenesis	32																																																																																																																							
CHEBI:145254	C23H46NO7P	C([C@@](CO)(OC(CCCCCCCCC/C=C\CCCCCC)=O)[H])OP(=O)(O)OCCN	"InChI=1S/C23H46NO7P/c1-2-3-4-5-6-7-8-9-10-11-12-13-14-15-16-17-23(26)31-22(20-25)21-30-32(27,28)29-19-18-24/h7-8,22,25H,2-6,9-21,24H2,1H3,(H,27,28)/b8-7-/t22-/m1/s1"	LysoPE(0:0/18:1(11Z))	480.3052658		"M+H-H2O, M+H, M+Na"	1	8.632716667	NCBITAXON:http://purl.bioontology.org/ontology/NCBITAXON/9606	Homo sapiens	HMDB		MSI:2		Progenesis	40.5																																																																																																																							
CHEBI:145258	C23H42NO7P	C([C@@](CO)(OC(CCCC/C=C\C/C=C\C/C=C\CCCCC)=O)[H])OP(=O)(O)OCCN	"InChI=1S/C23H42NO7P/c1-2-3-4-5-6-7-8-9-10-11-12-13-14-15-16-17-23(26)31-22(20-25)21-30-32(27,28)29-19-18-24/h6-7,9-10,12-13,22,25H,2-5,8,11,14-21,24H2,1H3,(H,27,28)/b7-6-,10-9-,13-12-/t22-/m1/s1"	"LysoPE(0:0/18:3(6Z,9Z,12Z))"	498.255979		M+Na	1	8.156866667	NCBITAXON:http://purl.bioontology.org/ontology/NCBITAXON/9606	Homo sapiens	HMDB		MSI:2		Progenesis	35.1																																																																																																																							
CHEBI:131692	C25H48NO7P	C(OP(=O)(OCCN)O)[C@@H](CO)OC(CCCCCCCCC/C=C\C/C=C\CCCCC)=O	"InChI=1S/C25H48NO7P/c1-2-3-4-5-6-7-8-9-10-11-12-13-14-15-16-17-18-19-25(28)33-24(22-27)23-32-34(29,30)31-21-20-26/h6-7,9-10,24,27H,2-5,8,11-23,26H2,1H3,(H,29,30)/b7-6-,10-9-/t24-/m1/s1"	"LysoPE(0:0/20:2(11Z,14Z))"	506.3194486		M+H	1	8.9615	NCBITAXON:http://purl.bioontology.org/ontology/NCBITAXON/9606	Homo sapiens	HMDB		MSI:2		Progenesis	36.7																																																																																																																							
CHEBI:83058	C23H44NO7P	O(C(=O)CCCCCCC/C=C\C/C=C\CCCCC)C[C@H](COP(OCCN)(=O)O)O	"InChI=1S/C23H44NO7P/c1-2-3-4-5-6-7-8-9-10-11-12-13-14-15-16-17-23(26)29-20-22(25)21-31-32(27,28)30-19-18-24/h6-7,9-10,22,25H,2-5,8,11-21,24H2,1H3,(H,27,28)/b7-6-,10-9-/t22-/m1/s1"	"LysoPE(18:2(9Z,12Z)/0:0)"	478.2894023		"M+H-H2O, M+H, M+Na"	1	7.94005	NCBITAXON:http://purl.bioontology.org/ontology/NCBITAXON/9606	Homo sapiens	HMDB		MSI:2		Progenesis	52																																																																																																																							
CHEBI:83058	C23H44NO7P	O(C(=O)CCCCCCC/C=C\C/C=C\CCCCC)C[C@H](COP(OCCN)(=O)O)O	"InChI=1S/C23H44NO7P/c1-2-3-4-5-6-7-8-9-10-11-12-13-14-15-16-17-23(26)29-20-22(25)21-31-32(27,28)30-19-18-24/h6-7,9-10,22,25H,2-5,8,11-21,24H2,1H3,(H,27,28)/b7-6-,10-9-/t22-/m1/s1"	"LysoPE(18:2(9Z,12Z)/0:0)"	478.2882923		"M+H, M+Na"	1	7.775666667	NCBITAXON:http://purl.bioontology.org/ontology/NCBITAXON/9606	Homo sapiens	HMDB		MSI:3		Progenesis	35.6																																																																																																																							
CHEBI:131690	C25H52NO7P	C(CN)OP(=O)(O)OC[C@H](O)COC(CCCCCCCCCCCCCCCCCCC)=O	"InChI=1S/C25H52NO7P/c1-2-3-4-5-6-7-8-9-10-11-12-13-14-15-16-17-18-19-25(28)31-22-24(27)23-33-34(29,30)32-21-20-26/h24,27H,2-23,26H2,1H3,(H,29,30)/t24-/m1/s1"	LysoPE(20:0/0:0)	510.3564603		"M+H-H2O, M+H, M+Na"	1	8.9615	NCBITAXON:http://purl.bioontology.org/ontology/NCBITAXON/9606	Homo sapiens	HMDB		MSI:2		Progenesis	41.7																																																																																																																							
CHEBI:131690	C25H52NO7P	C(CN)OP(=O)(O)OC[C@H](O)COC(CCCCCCCCCCCCCCCCCCC)=O	"InChI=1S/C25H52NO7P/c1-2-3-4-5-6-7-8-9-10-11-12-13-14-15-16-17-18-19-25(28)31-22-24(27)23-33-34(29,30)32-21-20-26/h24,27H,2-23,26H2,1H3,(H,29,30)/t24-/m1/s1"	LysoPE(20:0/0:0)	510.3512162		M+H	1	10.91713333	NCBITAXON:http://purl.bioontology.org/ontology/NCBITAXON/9606	Homo sapiens	HMDB		MSI:3		Progenesis	34.2																																																																																																																							
CHEBI:131690	C25H52NO7P	C(CN)OP(=O)(O)OC[C@H](O)COC(CCCCCCCCCCCCCCCCCCC)=O	"InChI=1S/C25H52NO7P/c1-2-3-4-5-6-7-8-9-10-11-12-13-14-15-16-17-18-19-25(28)31-22-24(27)23-33-34(29,30)32-21-20-26/h24,27H,2-23,26H2,1H3,(H,29,30)/t24-/m1/s1"	LysoPE(20:0/0:0)	492.3399501		M+H-H2O	1	10.18246667	NCBITAXON:http://purl.bioontology.org/ontology/NCBITAXON/9606	Homo sapiens	HMDB		MSI:2		Progenesis	54.7																																																																																																																							
CHEBI:145284	C25H48NO7P	[C@](COC(=O)CCCCCCCCC/C=C\C/C=C\CCCCC)(O)([H])COP(OCCN)(O)=O	"InChI=1S/C25H48NO7P/c1-2-3-4-5-6-7-8-9-10-11-12-13-14-15-16-17-18-19-25(28)31-22-24(27)23-33-34(29,30)32-21-20-26/h6-7,9-10,24,27H,2-5,8,11-23,26H2,1H3,(H,29,30)/b7-6-,10-9-/t24-/m1/s1"	"LysoPE(20:2(11Z,14Z)/0:0)"	523.3479142		M+NH4	1	7.334916667	NCBITAXON:http://purl.bioontology.org/ontology/NCBITAXON/9606	Homo sapiens	HMDB		MSI:2		Progenesis	44.9																																																																																																																							
CHEBI:72747	C27H44NO7P	[H][C@@](O)(COC(=O)CC\C=C/C\C=C/C\C=C/C\C=C/C\C=C/C\C=C/CC)COP(O)(=O)OCCN	"InChI=1S/C27H44NO7P/c1-2-3-4-5-6-7-8-9-10-11-12-13-14-15-16-17-18-19-20-21-27(30)33-24-26(29)25-35-36(31,32)34-23-22-28/h3-4,6-7,9-10,12-13,15-16,18-19,26,29H,2,5,8,11,14,17,20-25,28H2,1H3,(H,31,32)/b4-3-,7-6-,10-9-,13-12-,16-15-,19-18-/t26-/m1/s1"	"LysoPE(22:6(4Z,7Z,10Z,13Z,16Z,19Z)/0:0)"	526.2917567		"M+H-H2O, M+H"	1	7.957516667	NCBITAXON:http://purl.bioontology.org/ontology/NCBITAXON/9606	Homo sapiens	HMDB		MSI:2		Progenesis	38.3																																																																																																																							
CHEBI:72747	C27H44NO7P	[H][C@@](O)(COC(=O)CC\C=C/C\C=C/C\C=C/C\C=C/C\C=C/C\C=C/CC)COP(O)(=O)OCCN	"InChI=1S/C27H44NO7P/c1-2-3-4-5-6-7-8-9-10-11-12-13-14-15-16-17-18-19-20-21-27(30)33-24-26(29)25-35-36(31,32)34-23-22-28/h3-4,6-7,9-10,12-13,15-16,18-19,26,29H,2,5,8,11,14,17,20-25,28H2,1H3,(H,31,32)/b4-3-,7-6-,10-9-,13-12-,16-15-,19-18-/t26-/m1/s1"	"LysoPE(22:6(4Z,7Z,10Z,13Z,16Z,19Z)/0:0)"	526.2908653		M+H	1	7.828083333	NCBITAXON:http://purl.bioontology.org/ontology/NCBITAXON/9606	Homo sapiens	HMDB		MSI:2		Progenesis	37.5																																																																																																																							
				MG(0:0/20:1(11Z)/0:0)	385.3333414		M+H	1	18.33295	NCBITAXON:http://purl.bioontology.org/ontology/NCBITAXON/9606	Homo sapiens	HMDB		MSI:3		Progenesis	37.4																																																																																																																							
				MG(0:0/20:1(11Z)/0:0)	385.3330244		M+H	1	15.15631667	NCBITAXON:http://purl.bioontology.org/ontology/NCBITAXON/9606	Homo sapiens	HMDB		MSI:3		Progenesis	36.8																																																																																																																							
				"MG(0:0/20:2(11Z,14Z)/0:0)"	383.3145506		M+H	1	17.36395	NCBITAXON:http://purl.bioontology.org/ontology/NCBITAXON/9606	Homo sapiens	HMDB		MSI:3		Progenesis	37.9																																																																																																																							
				"MG(0:0/20:2(11Z,14Z)/0:0)"	383.3144039		M+H	1	16.0136	NCBITAXON:http://purl.bioontology.org/ontology/NCBITAXON/9606	Homo sapiens	HMDB		MSI:2		Progenesis	52.2																																																																																																																							
				MG(0:0/24:1(15Z)/0:0)	463.3715951		M+Na	1	15.32071667	NCBITAXON:http://purl.bioontology.org/ontology/NCBITAXON/9606	Homo sapiens	HMDB		MSI:3		Progenesis	35.6																																																																																																																							
CHEBI:72957	C32H63NO3	CCCCCCCCCCCCC\C=C\[C@@H](O)[C@H](CO)NC(=O)CCCCCCCCCCCCC	"InChI=1S/C32H63NO3/c1-3-5-7-9-11-13-15-16-18-19-21-23-25-27-31(35)30(29-34)33-32(36)28-26-24-22-20-17-14-12-10-8-6-4-2/h25,27,30-31,34-35H,3-24,26,28-29H2,1-2H3,(H,33,36)/b27-25+/t30-,31+/m0/s1"	Cer(d18:1/14:0)	492.4744236		"M+H-2H2O, M+H-H2O, M+Na, M+K"	1	16.94068333	NCBITAXON:http://purl.bioontology.org/ontology/NCBITAXON/9606	Homo sapiens	HMDB		MSI:2		Progenesis	54.6																																																																																																																							
CHEBI:72957	C32H63NO3	CCCCCCCCCCCCC\C=C\[C@@H](O)[C@H](CO)NC(=O)CCCCCCCCCCCCC	"InChI=1S/C32H63NO3/c1-3-5-7-9-11-13-15-16-18-19-21-23-25-27-31(35)30(29-34)33-32(36)28-26-24-22-20-17-14-12-10-8-6-4-2/h25,27,30-31,34-35H,3-24,26,28-29H2,1-2H3,(H,33,36)/b27-25+/t30-,31+/m0/s1"	Cer(d18:1/14:0)	492.4739433		"M+H-H2O, M+H"	1	13.65223333	NCBITAXON:http://purl.bioontology.org/ontology/NCBITAXON/9606	Homo sapiens	HMDB		MSI:2		Progenesis	51.5																																																																																																																							
CHEBI:89482	C37H77N2O6P	CCCCCCCCCCCCCCC[C@H]([C@H](COP([O-])(=O)OCC[N+](C)(C)C)NC(CCCCCCCCCCCCC)=O)O	"InChI=1S/C37H77N2O6P/c1-6-8-10-12-14-16-18-19-21-22-24-26-28-30-36(40)35(34-45-46(42,43)44-33-32-39(3,4)5)38-37(41)31-29-27-25-23-20-17-15-13-11-9-7-2/h35-36,40H,6-34H2,1-5H3,(H-,38,41,42,43)/t35-,36+/m0/s1"	SM(d18:0/14:0)	677.5569047		M+H	1	20.78143333	NCBITAXON:http://purl.bioontology.org/ontology/NCBITAXON/9606	Homo sapiens	HMDB		MSI:2		Progenesis	33.7																																																																																																																							
CHEBI:64486	C37H75N2O6P	[H][C@@](O)(\C=C\CCCCCCCCCCCCC)[C@]([H])(COP([O-])(=O)OCC[N+](C)(C)C)NC(=O)CCCCCCCCCCCCC	"InChI=1S/C37H75N2O6P/c1-6-8-10-12-14-16-18-19-21-22-24-26-28-30-36(40)35(34-45-46(42,43)44-33-32-39(3,4)5)38-37(41)31-29-27-25-23-20-17-15-13-11-9-7-2/h28,30,35-36,40H,6-27,29,31-34H2,1-5H3,(H-,38,41,42,43)/b30-28+/t35-,36+/m0/s1"	SM(d18:1/14:0)	675.5511538		"M+H, M+Na, M+K"	1	14.05801667	NCBITAXON:http://purl.bioontology.org/ontology/NCBITAXON/9606	Homo sapiens	HMDB		MSI:2		Progenesis	54.5																																																																																																																							
CHEBI:87293	C28H46O3	CC(C)CCC[C@@H](C)[C@H]1CC[C@H]2C3=C(CC[C@]12C)[C@@]1(C)CC[C@H](O)[C@H]([C@@H]1CC3)C(O)=O	"InChI=1S/C28H46O3/c1-17(2)7-6-8-18(3)20-11-12-21-19-9-10-23-25(26(30)31)24(29)14-16-28(23,5)22(19)13-15-27(20,21)4/h17-18,20-21,23-25,29H,6-16H2,1-5H3,(H,30,31)/t18-,20-,21+,23+,24+,25+,27-,28-/m1/s1"	4alpha-Carboxy-5alpha-cholesta-8-en-3beta-ol	453.3298275		"M+H, M+Na, M+K"	1	16.6117	NCBITAXON:http://purl.bioontology.org/ontology/NCBITAXON/9606	Homo sapiens	HMDB		MSI:2		Progenesis	37.6																																																																																																																							
CHEBI:89823	C40H74NO10P	[H][C@](COP(OC[C@@](COC(CCCCCCCCCCCCCCC)=O)(OC(CCCCCCC/C=C\C/C=C\CCCCC)=O)[H])(=O)O)(C(O)=O)N	"InChI=1S/C40H74NO10P/c1-3-5-7-9-11-13-15-17-18-20-22-24-26-28-30-32-39(43)51-36(34-49-52(46,47)50-35-37(41)40(44)45)33-48-38(42)31-29-27-25-23-21-19-16-14-12-10-8-6-4-2/h11,13,17-18,36-37H,3-10,12,14-16,19-35,41H2,1-2H3,(H,44,45)(H,46,47)/b13-11-,18-17-/t36-,37+/m1/s1"	"PS(16:0/18:2(9Z,12Z))"	782.4909163		M+Na	1	12.7429	NCBITAXON:http://purl.bioontology.org/ontology/NCBITAXON/9606	Homo sapiens	HMDB		MSI:2		Progenesis	33.8																																																																																																																							
				"PS(18:2(9Z,12Z)/14:0)"	714.4755678		M+H-H2O	1	11.33328333	NCBITAXON:http://purl.bioontology.org/ontology/NCBITAXON/9606	Homo sapiens	HMDB		MSI:2		Progenesis	53.8																																																																																																																							
				"PS(18:2(9Z,12Z)/14:1(9Z))"	730.4688176		M+H	1	10.16498333	NCBITAXON:http://purl.bioontology.org/ontology/NCBITAXON/9606	Homo sapiens	HMDB		MSI:3		Progenesis	33.7																																																																																																																							
CHEBI:137889	C26H54NO6P	P(OC[C@@H](CO/C=C/*)O)(=O)(OCC[N+](C)(C)C)[O-]		LysoPC(P-18:0)	508.3765015		"M+H-H2O, M+H, M+Na, M+K"	1	8.9615	NCBITAXON:http://purl.bioontology.org/ontology/NCBITAXON/9606	Homo sapiens	HMDB		MSI:2		Progenesis	45.1																																																																																																																							
CHEBI:137889	C26H54NO6P	P(OC[C@@H](CO/C=C/*)O)(=O)(OCC[N+](C)(C)C)[O-]		LysoPC(P-18:0)	508.3738089		"M+H, M+Na"	1	9.983116667	NCBITAXON:http://purl.bioontology.org/ontology/NCBITAXON/9606	Homo sapiens	HMDB		MSI:2		Progenesis	39.6																																																																																																																							
CHEBI:86423	C38H74NO7P	CCCCCC\C=C/CCCCCCCCOC[C@H](COP([O-])(=O)OCC[N+](C)(C)C)OC(=O)CCCCCCC\C=C/CCCC	"InChI=1S/C38H74NO7P/c1-6-8-10-12-14-16-18-19-20-22-24-26-28-30-33-43-35-37(36-45-47(41,42)44-34-32-39(3,4)5)46-38(40)31-29-27-25-23-21-17-15-13-11-9-7-2/h13,15-16,18,37H,6-12,14,17,19-36H2,1-5H3/b15-13-,18-16-/t37-/m1/s1"	PC(o-16:1(9Z)/14:1(9Z))	688.5219627		M+H	1	10.06013333	NCBITAXON:http://purl.bioontology.org/ontology/NCBITAXON/9606	Homo sapiens	HMDB		MSI:2		Progenesis	54.3																																																																																																																							
CHEBI:90011	C37H73N2O7P	C(\CCCCCC(CC(=O)N[C@@H](COP(OCC[N+](C)(C)C)(=O)[O-])[C@@H](\C=C\CCCCCCCCCCCCC)O)O)=C\CCCC	"InChI=1S/C37H73N2O7P/c1-6-8-10-12-14-16-17-18-19-21-23-25-27-29-36(41)35(33-46-47(43,44)45-31-30-39(3,4)5)38-37(42)32-34(40)28-26-24-22-20-15-13-11-9-7-2/h13,15,27,29,34-36,40-41H,6-12,14,16-26,28,30-33H2,1-5H3,(H-,38,42,43,44)/b15-13-,29-27+/t34?,35-,36+/m0/s1"	SM(d18:0/14:1(9Z)(OH))	689.5190815		M+H	1	20.39311667	NCBITAXON:http://purl.bioontology.org/ontology/NCBITAXON/9606	Homo sapiens	HMDB		MSI:3		Progenesis	37.2																																																																																																																							
CHEBI:90011	C37H73N2O7P	C(\CCCCCC(CC(=O)N[C@@H](COP(OCC[N+](C)(C)C)(=O)[O-])[C@@H](\C=C\CCCCCCCCCCCCC)O)O)=C\CCCC	"InChI=1S/C37H73N2O7P/c1-6-8-10-12-14-16-17-18-19-21-23-25-27-29-36(41)35(33-46-47(43,44)45-31-30-39(3,4)5)38-37(42)32-34(40)28-26-24-22-20-15-13-11-9-7-2/h13,15,27,29,34-36,40-41H,6-12,14,16-26,28,30-33H2,1-5H3,(H-,38,42,43,44)/b15-13-,29-27+/t34?,35-,36+/m0/s1"	SM(d18:0/14:1(9Z)(OH))	689.5274755		M+H	1	10.25946667	NCBITAXON:http://purl.bioontology.org/ontology/NCBITAXON/9606	Homo sapiens	HMDB		MSI:3		Progenesis	34.5																																																																																																																							
CHEBI:90007	C39H77N2O7P	C(\CCCCCC(CC(=O)N[C@@H](COP(OCC[N+](C)(C)C)(=O)[O-])[C@@H](\C=C\CCCCCCCCCCCCC)O)O)=C\CCCCCC	"InChI=1S/C39H77N2O7P/c1-6-8-10-12-14-16-18-19-21-23-25-27-29-31-38(43)37(35-48-49(45,46)47-33-32-41(3,4)5)40-39(44)34-36(42)30-28-26-24-22-20-17-15-13-11-9-7-2/h17,20,29,31,36-38,42-43H,6-16,18-19,21-28,30,32-35H2,1-5H3,(H-,40,44,45,46)/b20-17-,31-29+/t36?,37-,38+/m0/s1"	SM(d18:0/16:1(9Z)(OH))	699.5490488		M+H-H2O	1	12.85485	NCBITAXON:http://purl.bioontology.org/ontology/NCBITAXON/9606	Homo sapiens	HMDB		MSI:2		Progenesis	37.7																																																																																																																							
CHEBI:90009	C43H83N2O6P	CCCCCCCCCCCCC/C=C/[C@H]([C@H](COP([O-])(=O)OCC[N+](C)(C)C)NC(CCCCCCCCC/C=C\C/C=C\CCCCC)=O)O	"InChI=1S/C43H83N2O6P/c1-6-8-10-12-14-16-18-20-21-22-23-25-27-29-31-33-35-37-43(47)44-41(40-51-52(48,49)50-39-38-45(3,4)5)42(46)36-34-32-30-28-26-24-19-17-15-13-11-9-7-2/h14,16,20-21,34,36,41-42,46H,6-13,15,17-19,22-33,35,37-40H2,1-5H3,(H-,44,47,48,49)/b16-14-,21-20-,36-34+/t41-,42+/m0/s1"	"SM(d18:0/20:2(11Z,14Z))"	772.6347202		M+NH4	1	0.6118	NCBITAXON:http://purl.bioontology.org/ontology/NCBITAXON/9606	Homo sapiens	HMDB		MSI:3		Progenesis	31.9																																																																																																																							
CHEBI:101278	C22H26N2O4S	COc1ccc(cc1)[C@@H]1Sc2ccccc2N(CCN(C)C)C(=O)[C@@H]1OC(C)=O	"InChI=1S/C22H26N2O4S/c1-15(25)28-20-21(16-9-11-17(27-4)12-10-16)29-19-8-6-5-7-18(19)24(22(20)26)14-13-23(2)3/h5-12,20-21H,13-14H2,1-4H3/t20-,21+/m1/s1"	Diltiazem	415.1690296		M+H	1	5.0858	NCBITAXON:http://purl.bioontology.org/ontology/NCBITAXON/9606	Homo sapiens	HMDB		MSI:2		Progenesis	48.9																																																																																																																							
CHEBI:85561	C36H74NO7P	C[N+](C)(C)CCOP([O-])(=O)OC[C@@H](CO[*])O[*]		lysoPC(28:0)	664.5336523		M+H	1	0.64675	NCBITAXON:http://purl.bioontology.org/ontology/NCBITAXON/9606	Homo sapiens	HMDB		MSI:2		Progenesis	31.2																																																																																																																							
CHEBI:81584	C12H6Br4O	Brc1ccc(Oc2ccc(Br)cc2Br)c(Br)c1	InChI=1S/C12H6Br4O/c13-7-1-3-11(9(15)5-7)17-12-4-2-8(14)6-10(12)16/h1-6H	"1,1'-Oxybis[2,4-dibromobenzene]"	482.7196603			1	8.6502	NCBITAXON:http://purl.bioontology.org/ontology/NCBITAXON/9606	Homo sapiens	HMDB		MSI:2		Progenesis	19.6																																																																																																																							
CHEBI:81541	C10H4Cl8O	ClC1C2C(C3OC13Cl)[C@]1(Cl)C(Cl)=C(Cl)[C@@]2(Cl)C1(Cl)Cl	"InChI=1S/C10H4Cl8O/c11-3-1-2(6-9(3,16)19-6)8(15)5(13)4(12)7(1,14)10(8,17)18/h1-3,6H/t1?,2?,3?,6?,7-,8+,9?/m1/s1"	Oxychlordane	420.7868103		M+H	1	20.76396667	NCBITAXON:http://purl.bioontology.org/ontology/NCBITAXON/9606	Homo sapiens	HMDB		MSI:2		Progenesis	20.4																																																																																																																							
CHEBI:81541	C10H4Cl8O	ClC1C2C(C3OC13Cl)[C@]1(Cl)C(Cl)=C(Cl)[C@@]2(Cl)C1(Cl)Cl	"InChI=1S/C10H4Cl8O/c11-3-1-2(6-9(3,16)19-6)8(15)5(13)4(12)7(1,14)10(8,17)18/h1-3,6H/t1?,2?,3?,6?,7-,8+,9?/m1/s1"	Oxychlordane	384.7666775		M+H-2H2O	1	0.629283333	NCBITAXON:http://purl.bioontology.org/ontology/NCBITAXON/9606	Homo sapiens	HMDB		MSI:2		Progenesis	19.8																																																																																																																							
CHEBI:89567	C42H72O2	C1[C@@H](CC=2[C@](C1)([C@@]3([C@@](CC2)([C@]4([C@@](CC3)(C)C(CC4)[C@@H](CCCC(C)C)C)[H])[H])[H])C)OC(=O)CCCCCCC/C=C/CCCCC	"InChI=1S/C42H72O2/c1-7-8-9-10-11-12-13-14-15-16-17-18-22-40(43)44-35-27-29-41(5)34(31-35)23-24-36-38-26-25-37(33(4)21-19-20-32(2)3)42(38,6)30-28-39(36)41/h11-12,23,32-33,35-39H,7-10,13-22,24-31H2,1-6H3/b12-11+/t33-,35+,36+,37?,38+,39+,41+,42-/m1/s1"	CE(15:1)	647.518917		M+K	1	12.12028333	NCBITAXON:http://purl.bioontology.org/ontology/NCBITAXON/9606	Homo sapiens	HMDB		MSI:2		Progenesis	37.3																																																																																																																							
CHEBI:84318	C42H74O2	CCCCCCCCCCCCCCC(=O)O[C@H]1CC[C@]2(C)[C@H]3CC[C@]4(C)[C@H](CC[C@H]4[C@@H]3CC=C2C1)[C@H](C)CCCC(C)C	"InChI=1S/C42H74O2/c1-7-8-9-10-11-12-13-14-15-16-17-18-22-40(43)44-35-27-29-41(5)34(31-35)23-24-36-38-26-25-37(33(4)21-19-20-32(2)3)42(38,6)30-28-39(36)41/h23,32-33,35-39H,7-22,24-31H2,1-6H3/t33-,35+,36+,37-,38+,39+,41+,42-/m1/s1"	CE(15:0)	649.5311079		M+K	1	12.5785	NCBITAXON:http://purl.bioontology.org/ontology/NCBITAXON/9606	Homo sapiens	HMDB		MSI:2		Progenesis	35.4																																																																																																																							
CHEBI:89566	C43H72O2	C1[C@@H](CC=2[C@](C1)([C@@]3([C@@](CC2)([C@]4([C@@](CC3)(C)C(CC4)[C@@H](CCCC(C)C)C)[H])[H])[H])C)OC(=O)CCCCCCC/C=C/C/C=C/CCC	"InChI=1S/C43H72O2/c1-7-8-9-10-11-12-13-14-15-16-17-18-19-23-41(44)45-36-28-30-42(5)35(32-36)24-25-37-39-27-26-38(34(4)22-20-21-33(2)3)43(39,6)31-29-40(37)42/h9-10,12-13,24,33-34,36-40H,7-8,11,14-23,25-32H2,1-6H3/b10-9+,13-12+/t34-,36+,37+,38?,39+,40+,42+,43-/m1/s1"	CE(16:2)	659.5164301		M+K	1	11.7216	NCBITAXON:http://purl.bioontology.org/ontology/NCBITAXON/9606	Homo sapiens	HMDB		MSI:2		Progenesis	35.6																																																																																																																							
CHEBI:83054	C27H53O12P	CCCCCCCCCCCCCCCCCC(=O)OC[C@@H](O)COP(O)(=O)O[C@H]1[C@H](O)[C@@H](O)[C@H](O)[C@@H](O)[C@H]1O	"InChI=1S/C27H53O12P/c1-2-3-4-5-6-7-8-9-10-11-12-13-14-15-16-17-21(29)37-18-20(28)19-38-40(35,36)39-27-25(33)23(31)22(30)24(32)26(27)34/h20,22-28,30-34H,2-19H2,1H3,(H,35,36)/t20-,22-,23-,24+,25-,26-,27-/m1/s1"	1-Stearoylglycerophosphoinositol	583.3252911		"M+H-2H2O, M+H-H2O, M+H, M+Na"	1	9.654333333	NCBITAXON:http://purl.bioontology.org/ontology/NCBITAXON/9606	Homo sapiens	HMDB		MSI:2		Progenesis	37.9																																																																																																																							
CHEBI:76071	C26H52NO7P	CCCCCCCC\C=C/CCCCCCCC(=O)O[C@H](CO)COP([O-])(=O)OCC[N+](C)(C)C	"InChI=1S/C26H52NO7P/c1-5-6-7-8-9-10-11-12-13-14-15-16-17-18-19-20-26(29)34-25(23-28)24-33-35(30,31)32-22-21-27(2,3)4/h12-13,25,28H,5-11,14-24H2,1-4H3/b13-12-/t25-/m1/s1"	2-Oleoylglycerophosphocholine	505.3483025		M+H-H2O	1	14.78548333	NCBITAXON:http://purl.bioontology.org/ontology/NCBITAXON/9606	Homo sapiens	HMDB		MSI:2		Progenesis	32.9																																																																																																																							
CHEBI:88866	C28H43N	CCCCCCCCC1=CC=C(C=C1)NC2=CC=C(CCCCCCCC)C=C2	"InChI=1S/C28H43N/c1-3-5-7-9-11-13-15-25-17-21-27(22-18-25)29-28-23-19-26(20-24-28)16-14-12-10-8-6-4-2/h17-24,29H,3-16H2,1-2H3"	"P,P-Dioctyldiphenylamine"	416.327135		M+Na	1	7.551733333	NCBITAXON:http://purl.bioontology.org/ontology/NCBITAXON/9606	Homo sapiens	HMDB		MSI:2		Progenesis	36.3																																																																																																																							
CHEBI:73858	C26H54NO7P	CCCCCCCCCCCCCCCCCC(=O)OC[C@@H](O)COP([O-])(=O)OCC[N+](C)(C)C	"InChI=1S/C26H54NO7P/c1-5-6-7-8-9-10-11-12-13-14-15-16-17-18-19-20-26(29)32-23-25(28)24-34-35(30,31)33-22-21-27(2,3)4/h25,28H,5-24H2,1-4H3/t25-/m1/s1"	1-Stearoylglycerophosphocholine	525.376094		M+H	1	9.3428	NCBITAXON:http://purl.bioontology.org/ontology/NCBITAXON/9606	Homo sapiens	HMDB		MSI:3		Progenesis	41																																																																																																																							
CHEBI:145956	C40H54O	C1(=C(C[C@H](CC1(C)C)O)C)/C=C/C(=C/C=C/C(=C/C=C/C=C(/C=C/C=C(/C=C/[C@H]2C(C=CCC2(C)C)=C)\C)\C)/C)/C	"InChI=1S/C40H54O/c1-30(18-13-20-32(3)23-25-37-34(5)22-15-27-39(37,7)8)16-11-12-17-31(2)19-14-21-33(4)24-26-38-35(6)28-36(41)29-40(38,9)10/h11-26,36-37,41H,5,27-29H2,1-4,6-10H3/b12-11+,18-13+,19-14+,25-23+,26-24+,30-16+,31-17+,32-20+,33-21+/t36-,37+/m1/s1"	"(3R,6'R)-3-Hydroxy-3',4'-didehydro-beta,gamma-carotene"	533.4166483		M+H-H2O	1	15.53766667	NCBITAXON:http://purl.bioontology.org/ontology/NCBITAXON/9606	Homo sapiens	HMDB		MSI:2		Progenesis	34.8																																																																																																																							
